歌曲名称,歌词
还是会想你,"还是会想你 还是会怪你
怪你轻而易举潇洒抽离
还是爱着你 想走进你心里
拨开迷雾抓住你的声音
几百遍 重复了几百遍
重复的情绪重复了熬过想你的夜
这思念难道直到感受不到痛为止
可这过程我怎么可能会装作没事
你教会我怎么爱你却没教会遗忘
随意的举动撕碎我所有的立场
我心知肚明不愿戳穿你的另一面
却没想过如今变成我的nightmare
昏黄的路灯照不亮整条街
我怎么用力也走不到你心里
倾盆的雨下了一整夜
我们离得这么近你却看不清楚我的泪滴
我知道我可以随时被代替
却还是接受不了这种落差
我们的爱就像是流星落下
随烟火消失的火花
还是会想你 还是会怪你
怪你轻而易举潇洒抽离
还是爱着你 想走进你心里
拨开迷雾抓住你的声音
曾在我怀里看着我撒娇的你
慢一秒接电话都会生气的你
那场在公交站台下不停的雨
每一次许的愿望都会关于你
im liar 世界最大的liar
说过最痛的谎是绝对不会放开你
like fire we burning like fire
我们从3000 degrees 骤降到零下
你说你早都放下了任何猜疑
这份牵挂只会让你崩溃
由始至终的选择权都在你
我早都流够了只属于你的泪
这份爱最好的结尾用这段文字来作为纪念
放下了所有的偏执放下你有没有时间来限制
伪装住这份情绪你不懂有多么累
shawty its so freaking heartache
还是会想你 还是会怪你
怪你轻而易举潇洒抽离
还是爱着你 想走进你心里
拨开迷雾抓住你的声音"
在你的身边,安静地又说分开 没有依赖却是太多依赖 寂寞的广场中央 是谁的对白追赶我的空白 爱就爱了不怕没来过 恨就恨了我从没想过 是怕独念一个人太深刻 爱就爱了不怕没来过恨就恨了我从没想过 到过的地方熟悉曾经的模样 我以为忘了想念 而面对夕阳希望你回到今天 我记得捧你的脸 在双手之间安静地看你的眼 像秋天落叶温柔整个世界 我想在你的身边 忘了这路有多长 想和你去看季节慢慢变换 又来到这座广场 听风随落叶已是最后一片 爱就爱了不怕没来过 恨就恨了我从没想过 是怕独念一个人太深刻 爱就爱了不怕没来过 恨就恨了我从没想过 到过的地方熟悉曾经的模样 我以为忘了想念 而面对夕阳 希望你回到今天 我记得捧你的脸 在双手之间安静地看你的眼 像秋天落叶温柔整个世界 我想在你的身边 我想在你的身边 我想在你的身边 就让那往事随风 让它带走伤带走痛 带回那日暮的梦 花开落 云会走 铺满天 而你笑着 在我的身边 我以为忘了想念 而面对夕阳 希望你回到今天 我记得捧你的脸 在双手之间安静地看你的眼 像秋天落叶温柔整个世界 我想在你的身边 我想在你的身边 我想在你的身边 在你的身边
起风了,这一路上走走停停 顺着少年漂流的痕迹 迈出车站的前一刻 竟有些犹豫 不禁笑这近乡情怯 仍无可避免 而长野的天 依旧那么暖 风吹起了从前 从前初识这世间 万般流连 看着天边似在眼前 也甘愿赴汤蹈火去走它一遍 如今走过这世间 万般流连 翻过岁月不同侧脸 措不及防闯入你的笑颜 我曾难自拔于世界之大 也沉溺于其中梦话 不得真假 不做挣扎 不惧笑话 我曾将青春翻涌成她 也曾指尖弹出盛夏 心之所动 且就随缘去吧 逆着光行走 任风吹雨打 短短的路走走停停 也有了几分的距离 不知抚摸的是故事 还是段心情 也许期待的不过是 与时间为敌 再次看到你 微凉晨光里 笑得很甜蜜 从前初识这世间 万般流连 看着天边似在眼前 也甘愿赴汤蹈火去走它一遍 如今走过这世间万般流连 翻过岁月不同侧脸 措不及防闯入你的笑颜 我曾难自拔于世界之大 也沉溺于其中梦话 不得真假 不做挣扎 不惧笑话 我曾将青春翻涌成她 也曾指尖弹出盛夏 心之所动 且就随缘去吧 晚风吹起你鬓间的白发 抚平回忆留下的疤 你的眼中 明暗交杂 一笑生花 暮色遮住你蹒跚的步伐 走进床头藏起的画 画中的你 低着头说话 我仍感叹于世界之大 也沉醉于儿时情话 不剩真假 不做挣扎 无谓笑话 我终将青春还给了她 连同指尖弹出的盛夏 心之所动 就随风去了 以爱之名 你还愿意吗
他只是经过,他只是经过 你的 世界 并没有停留 只偶尔听说 谁说 关于他你又会触动 眼泪又滴落 闪动 太多的话都变沉默 你给的问候 温柔 所有都被一笔带过 他曾说的话有没有兑现 他现在又站在谁的对面 谁又让你站在暴雨中的街角淋个整夜 曾陪他逛过的每个路口 为何你停留不走 低头想了很多 每一句goodbye goodnight 慢慢堆叠变成无奈 他给的伤害 还在 变成噩梦你醒不来 他只是经过 你的 世界 并没有停留 只偶尔听说 谁说 关于他你又会触动 对他的思念day by day by day 从他的口中全都变成一句无所谓 为他而学着唱的情歌他早忘了 但是还在你的播放列表里面排到前几位 看他的现状谈了分了又合 谁会在意你呢 他早都忘了这也许对你是种折磨 你所有的所有只剩下他一个 可这种感受有谁能懂 亲密的照片和留言全扔进垃圾桶 谁又会来当你的树洞 他只是经过 你的 世界 并没有停留 只偶尔听说 谁说 关于他你又会触动 眼泪又滴落 闪动 太多的话都变沉默 你给的问候 温柔 所有都被一笔带过
Daylight,我深知 我会变得更好 在期盼一段能重新让我振作的时光 帮助我渡过难关 有时候 不得不勇敢起来 但这绝不容易 我曾犹豫不决 也曾处于低谷 但我意识到 想要变得勇 也绝不容易 于我而言 我想 这是促使我保持前进的关键
这世界那么多人,"这世界有那么多人
人群里 敞着一扇门
我迷朦的眼睛里长存
初见你 蓝色清晨
这世界有那么多人
多幸运 我有个我们
这悠长命运中的晨昏
常让我 望远方出神
灰树叶飘转在池塘
看飞机轰的一声去远乡
光阴的长廊 脚步声叫嚷
灯一亮 无人的空荡
晚风中闪过 几帧从前啊
飞驰中旋转 已不见了吗
远光中走来 你一身晴朗
身旁那么多人 可世界不声 不响
这世界有那么多人
多幸运 我有个我们
这悠长命运中的晨昏
常让我 望远方出神
灰树叶飘转在池塘
看飞机轰的一声去远乡
光阴的长廊 脚步声叫嚷
灯一亮 无人的空荡
晚风中闪过 几帧从前啊
飞驰中旋转 已不见了吗
远光中走来 你一身晴朗
身旁那么多人 可世界不声 不响
笑声中浮过 几张旧模样
留在梦田里 永远不散场
暖光中醒来 好多话要讲
世界那么多人 可是它不声 不响
这世界有那么个人
活在我 飞扬的青春
在泪水里浸湿过的长吻
常让我 想啊想出神"
哪里都是你,"从不在意别人口中的自己
她说过了一个想听花言巧语的年纪
你选择了他们口中所谓的放弃
却才发现早就丢掉了自己
特别是一个人的夜里
没人能够控制住自己
让全部回忆藏在心底泛起涟漪
你想要的是现在
而不是那遥远的未来
选择的困惑
再没人能懂你
生气的原因和哭泣的无力
最遥远的距离
忘了吧忘了吧忘了吧忘了你的所有
不过只是找了一堆美丽的理由
把你的痕迹都统统掩埋
你走过的地方只剩下思念难捱
把你藏在心头
每天每夜想你
害怕你的眼泪
没人为你抹去
不能想象没有了你的未来
你身边那位能让你过得比我更精彩I want you back
我忘掉你的所有 风里雨里一直大步往前走
我又怎么能够忘掉你的温柔
换不同的场景
但哪里都是你
要怎么能忘记 忘记你
所有人都知道I can't let you go
每个人都知道 I can't let you go
你为什么还不知道 I can't let you go
Baby baby I can't let you go
在你的心里我是怎样一个人
把话都袒露让你知道我心声
You know you know
感谢你陪我走过这一程
You know you know
感谢你陪我走过这一程
You know you know
每天多爱自己一点 把恨我当成动力
别那么晚睡
我想你过的好 是唯一对你放不下的
习惯吧"
若把你,"落叶无归根 单丝不成线
无所寄托 亦无心流浪
你把红豆赠我不如写我一首歌
落款你的名字 工整又好看
若把你比作歌
你便是那高山流水
佳人伴舞 天地伴舞
绝弦的美
若把你比作歌
歌写的我缠绵悱恻
恒顺众生 迁走我魂
绝弦的美
落叶无归根 单丝不成线
有嘴无心 亦有才无命
不一起看星星 星星它亮有什么用
你我矢志不渝 举案又齐眉
若把你比作歌
你便是那高山流水
佳人伴舞 天地伴舞
绝弦的美
若把你比作歌
歌写的我缠绵悱恻
恒顺众生 迁走我魂
绝弦的美
恒顺众生 迁走我魂
绝弦的美"
再等冬天(Memories),"让我捡起散落的片段
那些在我脑海错乱的片段
你出现的那刻时间在变慢
我承认我还是会因为你而心动
我输的太彻底
像是迷宫逃不出的Memories
没人教我怎么才能忘了你
你的每句抱歉都能将我彻底打碎
我和陌生人还有着什么差别
将我困住的全都是你的画面
谁又能代替你来将我麻醉
你给的思念在悄悄作痛
仅剩的执念在偷偷陨落
可笑的誓言还剩下什么
别让我那么狼狈
撕碎那些你给的Memory
将我彻底困住的Memory
那些让我上瘾的Memory
撕碎那些你给的Memory
将我彻底困住的Memory
那些让我上瘾的Memory
就当作是我把这段美好破坏
是我忽略掉你的依赖
是我以为你可以被替代
是我以为你还对我抱有期待
你转身离开留下的背影
是我最想删除的场景
用尽全力挽留不住的你
可明明最曾爱你的是我
明明最曾在意的是我
明明被遗落的是我
可是我偏又不舍得
明明我却又不舍得
可是我偏又不舍得
我却又不舍得
撕碎那些你给的Memory
将我彻底困住的Memory
那些让我上瘾的Memory
撕碎那些你给的Memory
将我彻底困住的Memory
那些让我上瘾的Memory
撕碎那些你给的Memory
将我彻底困住的Memory
那些让我上瘾的Memory
撕碎那些你给的Memory
将我彻底困住的Memory
那些让我上瘾的Memory"
爱立刻有,"你有多少次融化了我的心 无论什么时候我看你还是和以前一样可爱 我想邀请你去跳舞 我喜欢跳舞，喜欢你舞动的样子 我在光影里 辨认你脚步
心随云朵漂浮 该怎么着陆
I do miss you 以五厘米秒速
想在温柔的傍晚 和你跳支圆舞
无聊的夜风 将头发吹拂
看玫瑰色的晚霞 为脸红备注
Follow your move 我在心里默数
在甜蜜的变奏里 怎么和你同步
你的眼睛 怎么好像会笑
难道我的心思被你猜到
不小心就 陷入你的步调
无处可逃
向左向右摇摆 来来来来来来
踩着你的步伐和浪漫 撞个满怀
心 跳错了节拍 邦邦啷啷邦邦 躲不开
爱立刻有 快点 来和我 表白
无聊的夜风 将头发吹拂
看玫瑰色的晚霞 为脸红备注
Follow your move 我在心里默数
在甜蜜的变奏里 怎么和你同步
我想偷偷 跟你影子牵手
不想只做你的 某某
路灯下的轮廓 慢慢重叠心动
想要了解你的 种种
你的眼睛 怎么好像会笑
难道我的心思被你猜到
不小心就 陷入你的步调
无处可逃
向左向右摇摆 来来来来来来
踩着你的步伐和浪漫 撞个满怀
心 跳错了节拍 邦邦啷啷邦邦 躲不开
爱立刻有 好想 你有多少次融化了我的心 无论什么时候我看你还是和以前一样可爱 我想邀请你去跳舞 我喜欢跳舞，喜欢你舞动的样子"
失眠诊断报告（pt.2）,"听说星星里面住着梦
你的心里住着一个人
怎么这么晚了还不睡
你到底在想念谁
不想昼夜颠倒
不想再煎熬
碎的心
下着雨
是我的脑子乱
不是关于谁离开的原因
挫折总保持在
半夜时分来给我关心
想获得好习惯
不想过的超级烂
失去或着获得
都是过客
让眼泪变成说唱的唾沫
睡不着是因为 不在你旁边
幻想到心碎总在一眨眼
陪伴早已经跑远
没到目的地 就再次回到起跑点
心锁到冰柜不自觉习惯了告别"
不喜欢下雨天,"我讨厌坏天气
我讨厌我会突然失控的想你
你讨厌被惦记
你讨厌我每次吵架都不讲理
没有语言去讲述
我的全部
都被你给挡住
停止你的动作
在我们遇见的那个周六
你讨厌的
下雨天
如果沉醉
在你给的爱河里
我忘记了我喜欢的好天气
想闭上双眼不再睁开
把时间停止
我的思念
化作雨声滴答滴
就像绝症无法治愈
是你 因为你
I know you
讨厌的
你喜欢的
你不知不觉把它化为习惯的
是你我期盼的
没实现的
愿望
没留住
昨天的
或今天的
是因为有你就一眼万年的
是我们梦见的
那夜晚的
月光
我讨厌坏天气
我讨厌我会突然失控的想你
你讨厌被惦记
你讨厌我每次吵架都不讲理
没有语言去讲述
我的全部
都被你给挡住
停止你的动作在我们遇见的那个周六
你讨厌的
下雨天
其实我都没忘了 我一直都在唱
我只是没有办法 眼睛不对你望
我还有你的电话 但不知道你在哪
我知道你讨厌的东西也和我一样
我知道你清楚我 有没有讲真话
在某一个路口 我没想到会分叉
但你的每句真话 我都分不出真假
在你的爱河里我只能无意义的挣扎
别说我猜不透
我没有猜不透
我唯一猜不透是我的闹钟几点闹
付出了那么多
你却说还不够
你全身不会说谎的也只有你眼角oh baby
我讨厌坏天气
我讨厌我会突然失控的想你
你讨厌被惦记
你讨厌我每次吵架都不讲理
没有语言去讲述
我的全部
都被你给挡住
停止你的动作在我们遇见的那个周六
你讨厌的
下雨天"
Leave Me Alone（寂寞作伴）,"黑夜里孤单肆意扩散
关掉手机和寂寞作伴
关于你的回忆忘不掉怎么办

争吵着说你需要陪伴
说我给不了你安全感
放肆的让生活剥夺只剩黑白

My bad
其实我早该明白
从你角度这不是爱
我的心冰得快要裂开

My bad
我后悔没有离开
一切都来得太快
傻傻的原地发呆

你随口一句话都让我崩坏
或许这一切是我活该
投入的太多抽不出身来
讽刺的是你转身就能轻松离开


黑夜里孤单肆意扩散
关掉手机和寂寞作伴
关于你的回忆忘不掉怎么办

争吵着说你需要陪伴
说我给不了你安全感
放肆的让生活剥夺只剩黑白

请不要再拨我的电话
我会很努力把你放下
just leave me alone
just leave me alone

不会再无条件的对你好
不会再经过有你的街道
回忆大不了在梦里摧毁我大脑

My bad
其实我早该明白
从你角度这不是爱
我的心冰得快要裂开

My bad
我后悔没有离开
一切都来得太快
傻傻的原地发呆

just leave me alone
just leave me alone"
归暑,"记得吗那消失的夏天
不再交织的那天
一件小事的画面
什么导致的挂念
孤身在陌生的城市里面行走
现在你是否已找到了属于你的肩头
或许 你也忘记了
十七岁的星空
时间偷偷过去
溜走的很轻松
行踪不明的你是否还需要
像那夏天一样有我依靠
走到熟悉小巷 带着你送的手环
偶然间想起我们在学校闯的祸
想起下自习的操场 当你低头时我偷看
就像耳机放的歌
我站在那个街口
突然不自觉泪流
你别扭地抓住我衣袖
是让我别走
才恍然大悟
喉咙像被卡住
时间不回头
那次答复我没抓住
你给我买的可乐
我没送出的礼物
还有那本你给我但我从没看过的书
我在一阵风刮过的烟里看见你了
我在拥挤的人潮那里面看见你了
我以为几年过去早就已经忘记你了
为什么当我失眠常常还会想起你呢
那时候的我怎么可能想得到
除了朋友关系就是和你假客套
后悔最后一天我没存下合的照
思念是一种病 我该去哪找个药
才恍然大悟
喉咙像被卡住
时间不回头
那次答复我没抓住
你给我买的可乐
我没送出的礼物
还有那本你给我但我从没看过的书
想念是怎么回事
眼泪和理性对峙
可笑的我甚至不敢和你对视
不会拨通的电话
欠你没看的烟花
快要消失的夏天就在眼泪里挥发"
错位时空,"填不满半排观众的电影
直到散场时突然亮起灯
字幕定格在某某出品和发行
我目送 他们行色匆匆
像个自不量力的复读生
完不成金榜题名的使命
命不是猜剪刀石头布的决定
那么任性
我吹过你吹过的晚风
那我们算不算 相拥
可如梦初醒般的两手空空
心也空
我吹过你吹过的晚风
是否看过同样 风景
像扰乱时差留在错位时空
终是空 是空
数不完见证许愿的繁星
没灵验谁来安慰坏心情
十字路口闪烁不停的信号灯
有个人 显然心事重重
三个字 只能说给自己听
仰着头不要让眼泪失控
哪里有可以峰回路转的宿命
我不想听
我吹过你吹过的晚风
那我们算不算 相拥
可如梦初醒般的两手空空
心也空
我吹过你吹过的晚风
是否看过同样 风景
像扰乱时差留在错位时空
终是空 是空
我吹过你吹过的晚风
空气里弥漫着 心痛
可我们 最后 在这错位时空
终成空
我吹过你吹过的晚风
空气里弥漫着 心痛
可我们 最后 在这错位时空
终成空 成空"
你现在还好吗,"我用欲望 骗过了自己
原来躲在镜子里面的人是你
不能触碰但我感到窒息
我不喜欢这种无所谓的刺激
我这个烂人 也曾想当巨星
但我演技太烂 变成一个戏精
i wanna everything i wanna make it rain
想把我的故事写给你去听
我真的快要承受不住变得脾气大
没日没夜天天被人指着鼻子骂
我要感谢我的兄弟还有我squad
最难过的时候 能说 安慰我的话
就算有天 我与万人为敌
就算倒下 也是那个唯一
生活的酸甜苦辣我写成随笔
就算我遍体鳞伤但我依旧陪你
i dont wanna die
但是我真的想离开
i hate the lonely time
离开的话也别意外
i dont wanna die
但是我真的想离开
i hate the lonely time
离开的话也别意外
你现在还好吗 我看着镜子里的她
你现在还好吗 是不是开始想回家
你现在还好吗 如果不行别逞强啦
你现在还好吗 伤口愈合变成了疤
现在快要失控已经到达了极限
忘掉所有时间忘掉所有的地点
我差点死在19岁生日的后几天
差点死在两年前开始的梦里面
生活把我打得五体投地 想给我教训
或许我不知道要领
直到今天 有些事情才能看清
是我太矫情 是我又在犯病
自己跳入陷阱 没想到跳入了地狱
我失去所有信心 真的不能再继续
oh baby u dont even know
我差点就不能承受
oh baby u dont even know
not easy icant let it go
你现在还好吗 我看着镜子里的她
你现在还好吗 是不是开始想回家
你现在还好吗 如果不行别逞强啦
你现在还好吗 伤口愈合变成了疤"
再也没有,"每天都没有着存在
不知道要做些什么
曾经的像流沙滑去
点点滴滴我舍不得还你
我在走着
凌晨的半夜里
幽静的月光照着我的身影
就像个找不到家的baby
手机里再没有的你
我再也没有对你生气
我再也没有对你的秘密
我决定我再也不会爱你
因为你心已不在这里
已不在这里
每天都没有着存在
不知道要做些什么
曾经的像流沙滑去
点点滴滴我舍不得还你
我再也没有对你生气
我再也没有对你的秘密
我决定我再也不会爱你
因为你心已不在这里
偶尔还是会想起 说是不得而已
才发现早已看不见你
停驻的阴影冲散在狂风暴雨里
对我给你的宽容总是有恃无恐
我宁愿选择 放过自己
同时放过你
I'm sorry
even though I still love you
but I can't anymore
我再也没有对你生气
我再也没有对你的秘密
我决定我再也不会爱你
因为你心已不在这里"
卸载,"天空褪去了色彩代替瞳孔的黑白
情绪被遮盖为什么感受到悲哀
我对你的爱像定时炸弹在脑海
天空褪去了色彩代替瞳孔的黑白
情绪被遮盖为什么感受到悲哀
我对你的爱像定时炸弹在脑海
用力地扯开装满程序只能卸载
从黑夜直到天明
突然超速的脉搏
就像在过电影
目的我不停揣度
交错的喜怒哀乐
用尽都无法摆脱
病毒的携带者
我对自己开火
你埋葬了我再没追怀
白纸上的墨全都退败
我对你的爱恰同燕归来
我已经不在别相信鬼怪
天空褪去了色彩代替瞳孔的黑白
情绪被遮盖为什么感受到悲哀
我对你的爱像定时炸弹在脑海
用力地扯开装满程序只能卸载
他们都不知道我是一个多么无聊的人
无聊到想知道我 自己究竟能爱你多深
要多不要脸的爱 才能够keep u aside
show me the pricetag
趁现在 我还愿意pay that
我不求天平
为了我摇摆
只求你的电影
不要let me out of pictures
虽然我知道你永远都不会理解
but there aint no other bb could make me do that
天空褪去了色彩代替瞳孔的黑白
情绪被遮盖为什么感受到悲哀
我对你的爱像定时炸弹在脑海
用力地扯开装满程序只能卸载"
无感,"怪我总是让你生气让你烦
也许对我宽容的确有点难
我又不是非要清楚的计算 在每段 在每一个夜晚
可想说的是你总是在打转 我的热情也早就消散
偏偏就要温柔又野蛮 才让你无感
该如何面对你消遣 总不能说其实我很讨厌
你眼里总有温柔万千 才能够吸引我表演
偏偏却冷漠又热烈 关于你是否我很特别
无所谓惨的也很体面 感情也总有些风险
终于我的好友不再过问你的身份 终于我也再也不能品尝你的温润
每次你陪我写歌跟我讲着真困 既然先生的爱那又怎会对你生恨
其实我也不想总是偏执那么认真 偏偏又要总是欲言又止爱你更深
你说你喜欢夜晚中柔软的残忍 所以总是由我来解决你嘴角寒冷
其实能分开了不相爱了那就不算痛 只是刚好你要人陪而我刚好又有空
当我逃入这洞里为你描述着风 感谢你的万种风情每晚为我画的梦
从前说过要陪你走过每分每秒钟 你总是怪我每次讲话都对你好凶
我总竖起了手指不断向你保证 逐渐消失了的空气藏进你的大脑中
怪我总是让你生气让你烦
也许对我宽容的确有点难
我又不是非要清楚的计算 在每段 在每一个夜晚
可想说的是你总是在打转 我的热情也早就消散
所有付出对你不计算 刚刚好 成不了你为难
但明明是你先开口说喜欢
为什么这条路只走一半
给我需要了你的习惯 才说你无感
直到我们所有誓言被风吹的跑一边
才后悔没能在曾经遇到你早一些
没必要去纠结到底谁才是对
至少不用落得这样一想你就好一天
如果你丢了我会把世界都找个遍
可没了感觉我又能去哪里找得见
每一个细节全部都不对你口味
在道具背后拼凑成每一个小的面
反正走很简单 给对方免单
再不会在离别时背后望你眼穿
别把眼泪中的温柔偷偷藏进你的嘴
不过是换一个人以后互道晚安
麻木被你包含 在碎里纠缠
没法爱的双眼怎会在泪里飘然
反正我在你心里依然还有一小半
在以后的时间里看它慢慢凋残
没关系反正我也并不完美
能否把所有负面情绪还给
从来没发现你的眉眼难随
就像是游魂渡过我的船尾
反正遇到了你本身就是犯罪
你不是天使我也绝非善类
你像好酒偏偏只饮半杯
在结束后看着所有散退
怪我总是让你生气让你烦
也许对我宽容的确有点难
我又不是非要清楚的计算 在每段 在每一个夜晚
可想说的是你总是在打转 我的热情也早就消散
所有付出对你不计算 刚刚好 成不了你为难
但明明是你先开口说喜欢
为什么这条路只走一半
给我需要了你的习惯 才说你无感"
保留,"看见 你在我眼前
不去猜想我们隔多远
当我 夜幕中准备
只想让沉默的能开解
在不同的遭遇里我发现你的瞬间
有种不可言说的温柔直觉
在有限的深夜消失之前触摸你的脸
我情愿这是幻觉 也不愿是种告别
已经忘了 你的名字
就在这座 寂静星石
怎么还有 你的样子
被保留
给我 一整个拥抱
好让我不至于 太潦倒
时间 过一分一秒
还是觉得相遇 太美好
在不同的遭遇里我发现你的瞬间
有种不可言说的温柔直觉
当不远的蓝色渐渐显现这无边境界
我始终等待再见 只不愿再也不见
已经忘了 你的名字
就在这座 寂静星石
怎么还有 你的样子
想形容你的句子 关于你所有心事
一眼能及的钻石 哪一个是你地址
忘了 你的名字
就在这座 寂静星石
怎么还有 你的样子
我始终等待再见 只不愿再也不见
真的忘了 你的名字
是在哪座 寂静星石
一直还有 你的样子
被保留"
舍得,"忘了
谁先燃起战火
那无端的折磨
一切究竟为了什么
难道
像我这般爱你
就该学会放弃
让自己卑微到土里
可是爱已成两刃的利剑
了解彼此最能一挥就见血
用尽伤人的话去说
都没想能不能收得回啊
出口之后却更失落
也会更难过
这又是何苦呢
自问到底舍不舍得
舍不舍得爱一瞬都成恨了
眼泪究竟是为谁啊
谁输谁赢啊
谁又真的在乎呢
反正都伤了
难道
像我这般爱你
就该学会放弃
让自己卑微到土里
可是爱已成两刃的利剑
了解彼此最能一挥就见血
用尽伤人的话去说
都没想能不能收得回啊
出口之后却更失落
也会更难过
这又是何苦呢
自问到底舍不舍得
舍不舍得爱一瞬都成恨了
眼泪究竟是为谁啊
谁输谁赢啊
谁又真的在乎呢
反正都伤了
用尽伤人的话去说
都没想能不能收得回啊
出口之后却更失落
也会更难过
这又是何苦呢
自问到底舍不舍得
舍不舍得爱一瞬都成恨了
眼泪究竟是为谁啊
谁输谁赢啊
谁又真的在乎呢
反正都伤了"
话语权,"人生不过如此只是一场游戏
谁是弱者谁是强者在时间中交替
到底如何 才能走出这个无底圈套
不再互相厮杀 不再去争名夺利
人生不过如此只是一场游戏
谁是弱者谁是强者在时间中交替
到底如何 才能走出这个无底圈套。
不再互相厮杀 不再去争名夺利
这位少年他不太爱讲话
喜欢内敛喜欢低调想在安静中长大
如履薄冰的他
几乎从不懂谎话
如此善良如此听话
却被无声中绑架
被不断打压 那些狂妄的人站在他的面前
像是被宰杀 拳打脚踢不敢有一丝的怨言
精神被压榨 没话语权懦弱成了他的名片
抑郁被代发 小伙子 几乎不想活命诶
他想努力为自己 找条活路
不向现实低头 不再显得软弱无助
就在这时 正是hippop 朝他伸出救命援手
给了他能量 引领着步伐 自信大步向前走
终于
实现梦想 他成为了一名说唱歌手
从仰视变俯视用强势的吐字
把一切失去的全部夺走
伤口 早已伴着
往事随风而走
不想住手
但他也要面临人生抉择的路口
先入为主 再当个霸主 建立威信早已上路
嫌你太土 猪狗不如 羞辱人嘴中满是套路
水土不服 反客为主 决心起义要发起报复
他夺过了话语权站在了制高点
回击成了他的唯一态度
当我翻过了那座山
像是度过了八十一难
以为人生路从此发生反转
可背坡却比后方暴雨还惨淡
剧情总是九转十八弯
人算却总不如天算
当你刚刚站稳了脚跟
沉默
变成奢望不敢高攀
他逐渐习惯强大
他把他的态度写进赤裸的文字
保持传递当初想要的那份真实
但他渐渐发现说唱
被当成名片在他们嘴里
首档综艺节目就是全部的回忆
再试图引起
你的注意
想让混圈复辟
企图让hiphop孤立
再穿走你的Gucci
他能战胜真实的对手却无法击败Keyboard
他的每一次不当言论被他们在诚信档案记过
颜值才是治愈他们的汤药
流量才能在这个时代当道
在舆论中游荡
他只想看到努力后的星光璀璨
不要看到追求被时代的精装毁烂
曾经拼命地要摆脱霸凌
幻想着挥舞大旗
出发时的信念无比强大如今
却是如临大敌
评论家的flow永远都比我流利
像是Royal flush
将要终结这场游戏
到底这是哪里
这是哪里
到底我在哪里
我在哪里
即使我从地底爬到云端，
却也不曾见阳光
照亮那片土地的一马平川
只有折射出的佯装
当我翻过了那座山
像是度过了八十一难
以为人生路从此发生反转
可背坡却比后方暴雨还惨淡
剧情总是九转十八弯
人算却总不如天算
当你刚刚站稳了脚跟
沉默
变成奢望不敢高攀"
不及你,"不知道什么时候又想起
风吹过的地方有一把长椅
我不想逃避 我不留痕迹
却又在夜里梦到你的特殊意义
怪我没把一切都说清楚 怪我把喜欢说地含糊不清
等到时间把一切都凝固 为何又在某刻反复不定
那天枫叶落下 你也把一切带走
可是你的回答 是还不等我开口
梦中山水已褪下   抓不住八月的尾巴
而我已经失去 失去了再找你的理由
为什么爱没有了温度结局还被冻伤
为什么至死不渝的浪漫还是迎来终章
我对你总是showhand 怎么还是走散
我在江边的右岸 放不下你也放不下手中余温的壶觞
你我都变了 现在也慢慢地不再联系
它们不见了 朝着背后开始慢慢地远离
可我最后也还是在逃避
是否有倒退的列车 我的信还没盖上邮戳
霓虹又涂满夜色  不知道什么时候亲口说
最后我也没能给你想要的关心
我说如果失败贯穿始终 我一定会把情绪埋葬
但当我穿越到过去的时空 它给我带来一抹芬芳
最后的回忆 是我珍藏的秘密
就像已经完结的故事 后面的内容都只是猜想
这首歌没有落日 当时的你就是我的太阳
最后想说的话藏在歌里
那天枫叶落下 你也把一切带走
可是你的回答 是还不等我开口
梦中山水已褪下   抓不住八月的尾巴
我也已经失去 失去了再找你的理由"
爱如火,"心在跳是爱情如烈火
你在笑疯狂的人是我
爱如火会温暖了心窝
我看见爱的火焰闪烁
心在跳是爱情如烈火
你在笑疯狂的人是我
爱如火会温暖了心窝
我看见爱的火焰闪烁
燃烧那爱情的火焰
取一把烈火在人间
红尘里爱恨一瞬间
可曾记得彼此的脸
你的爱在眼里流淌
爱情它如火般荡漾
我的心早为你疯狂
爱如火在燃烧碰撞
心在跳是爱情如烈火
你在笑疯狂的人是我
爱如火会温暖了心窝
我看见爱的火焰闪烁
心在跳是爱情如烈火
你在笑疯狂的人是我
爱如火会温暖了心窝
我看见爱的火焰闪烁
燃烧那爱情的火焰
取一把烈火在人间
红尘里爱恨一瞬间
可曾记得彼此的脸
你的爱在眼里流淌
爱情它如火般荡漾
我的心早为你疯狂
爱如火在燃烧碰撞
心在跳是爱情如烈火
你在笑疯狂的人是我
爱如火会温暖了心窝
我看见爱的火焰闪烁
心在跳是爱情如烈火
你在笑疯狂的人是我
爱如火会温暖了心窝
我看见爱的火焰闪烁"
日记,"某个夜晚在月亮升上天之前亮起
潮湿的空气
行人脚步
倒映在霓虹里
把听不清的不确定的重复一遍又一遍
日子就这样一天一天
年复一年
小窗雨声滴答滴
可我明知道这不是雨季
高温融化了笔记
过滤不需要铭记的回忆
噪音在靠近
侵扰着本就微弱的困意
那就坐看澄明透过玻璃
一直在
被不停呼唤
可我的不安仍未减半
早听过水滴石穿
眼见角落里在发霉腐烂
意兴未阑珊
走过崎岖就像踏步过平川
终于不再
惴惴不安
某个夜晚在月亮升上天之前亮起
潮湿的空气
行人脚步
倒映在霓虹里
把听不清的不确定的重复一遍又一遍
日子就这样一天一天
年复一年
小窗雨声滴答滴
可我明知道这不是雨季
高温融化了笔记
过滤不需要铭记的回忆
噪音在靠近
侵扰着本就微弱的困意
那就坐看澄明透过玻璃
一直在
被不停呼唤
可我的不安仍未减半
早听过水滴石穿
眼见角落里在发霉腐烂
意兴未阑珊
走过崎岖就像踏步过平川
终于不再
惴惴不安
终于不再
惴惴不安"
Moonlight,"有时我总在想
好荒唐
我们应该咋样
那天看着夕阳
多希望你就在我的身旁
千万不要说很忙
深藏的
月亮已经起航
天上星星都闪躲
不想奢求太多太多
只想看到你的快乐就足够
My love Moonlight
I'm not lying
I feel so sad
The moon is shy
I dont want to
lay in shadow
How can I share
it in your mind
生活软绵绵
像天空的棉花糖
微风细浅浅
捉迷藏的小姑娘
是那么的温柔
打在我的心头
那么柔和
如果我没遇见你
会变得怎样
幸运树可能沉底
会有点失望
理想的生活
在我心门外流浪
看着我的眼睛
想知道些什么
世俗的烟火
在我耳边放着
挽着我的衣袖
好像在轻轻哼着
My love Moonlight
I'm not lying
I feel so sad
The moon is shy
I dont want to
lay in shadow
How can I share
it in your mind
My love Moonlight
I'm not lying
I feel so sad
The moon is shy
My love Moonlight
I'm not lying
I feel so sad
The moon is shy
I dont want to
lay in shadow
How can I share
it in your mind"
算了吧,"如果思念和雪一起下 能否再见你
被风雪覆盖的脚印
我还可以看清
你我的约定 被隐藏在了风铃里
如果思念会结成冰
也许我就不会如此伤心
我还在风雪里
等时间一点点一点流去
天空会不会慢慢的放晴
霜停在我的眼眸快结成了痂
对着雪人念准备好的情话
准备了那么久那么久 鲜艳的花
花瓣碎落一地 褪去颜色
领教过你的爱好像摩斯电码
留我一身雪白是否显得浮夸
要不就算了 算了 算了 算了吧
要不就算了吧
放过她
怪场景不停在换
还有些落差
都收下
我身边没你作伴
可要忘记她
都作罢
未完的计划过半
总是勾起回忆
藏在心里还是会有波澜
不眠的长夜 被海浪吞淹
我迎着帆
雪白的装点 就像是梦魇
无际冰川
你说的未来
怎么他没来
不想揭穿
你说你累了
怎么累了
别去为难
可泪水像雪花
一片一片落下
无声息的融化
可那些吹过的风
没做完的梦
都会凝结在雪中
霜停在我的眼眸快结成了痂
对着雪人念准备好的情话
准备了那么久那么久 鲜艳的花
花瓣碎落一地 褪去颜色
领教过你的爱好像摩斯电码
留我一身雪白是否显得浮夸
要不就算了 算了 算了 算了吧"
梦醒,"承载几多人噶希冀 埋藏系尼座城
跌落人群中噶卑微 要学懂自知之明
要分清 我必经 凌晨噶孤苦伶仃
似夜空划过噶流星 闪烁但无法聆听
我都 谂尽办法 要点做先算出格
每一次重新出发 快分裂我嘅人格
似皮条客 迈着步伐 愧对父母嘅白发
系坚持无须自责但我坚持到只剩300
当理想渐行渐远 但首歌我仲未写完
抑或唔应该再留恋 被匿迹没有根源
人生没有分段 但做人要有分寸
唔甘心 被清算 就等到水滴石穿
谁注定要平凡一世 何惧出身不够富贵
螳臂难阻我洪泥 似纯金令你着迷
你缺堤噶无为仲要我墨守成规
你玩嘅都系剩底 因为新噶等紧我发挥
多少风急交与错 多少唏嘘跌与堕
如何可找到满座 在冷雨中走过
终归要梦醒 睁开眼 迷雾里一去不返
总归要算清 不轻弹 褪去美梦的空间
没有光的夜晚
我曾经 满腔热情
让人记住我名称
认为努力就会有回报 欲望刺激我神经
太多情境 太多人竟然 以为我想做明星
路人甲乙丙丁 我唔需要对你澄清
想做show 有难度 对我来讲太残酷
未到level 走去battle 结果对手太残暴
我想出歌 被警告 自知轻重 冇料到
周边充满歧视自傲
想进步 必须功课要做
写过
一只又一只字
一页又一页纸
一支又一支笔写落去
一次又一次
被拒绝说我天赋不够
抑或我资本不厚
我年少时看不透
太多意见我不接受
错与对既分别我有考虑过
我想象过
为生活屈膝变到不是我
我挣扎过
我冲动过
我克服过
我失落过
我所经历过 既事情瞬间好似录像机在播放
欢笑既过往 失落编织既网
笑与泪既片段回望我一帧帧在看
回顾从前所付出既一切仿佛像是梦境
我选择不再淡定沉溺
因为正在梦醒
终归要梦醒 睁开眼 迷雾里一去不返
终归要算清 不轻弹 褪去美梦的空间
没有光的夜晚"
把回忆拼好给你,"我们之间的回忆
全部都小心地收集
我总是偷偷地哭泣
像倦鸟失了归期
但愿我相信的爱情
结局紧握在我手心
时光匆匆却没有遗失过去
希望我们 有光明的未来
还有能够装下星空的期待
可现实为何让我感到如此懈怠
总怀念相遇时我们无视落叶和人海
是你让我勇敢不再像颗尘埃
是你常帮我照料装着梦的盆栽
每一天我们都是如此愉快
一直到天色渐晚看着落日无奈离开
我知道你爱集邮爱笑甚至爱发呆
我知道你怕草虫还有夜晚的妖怪
我喜欢你有一点心不在焉的状态
看起来像个回到七岁时候的小孩
该如何将我这份感情向你告白
喜欢却又不敢爱
直到整个宇宙
在为我焦虑失神慌张之中醒来
就像是黑暗过后黎明盛开
我们之间的回忆
全部都小心地收集
我总是偷偷地哭泣
像倦鸟失了归期
但愿我相信的爱情
结局紧握在我手心
时光匆匆却没有遗失过去
那天你在雨后街角答应接受我的爱
那一刻我的世界有了色彩
这一生无法忘记关于澄蓝色的你
像一份礼物悄然呈现在我的境遇
我们从清晨起玩一整天游戏
到夜晚一起看我最爱的剧
能够拥有这些已足够幸运
我已经不再期待其他什么东西
我们也经常争执互相不接电话
在同一房间终于呼叫冷漠抵达
也曾想过以后生活没有人牵挂
把爱扔掉只剩一块残酷伤疤
而那些你送我的梦，教我折的花
逃亡的盛夏
在夜空隐没之际为我点燃烟花
寂寞时让我把快乐拼起来吧
我们之间的回忆
全部都小心地收集
我总是偷偷地哭泣
像倦鸟失了归期
但愿我相信的爱情
结局紧握在我手心
时光匆匆却没有遗失过去
我们可以就像是孩子一样成长
永远无所畏惧义无反顾向着未知的前方
原来我们每天努力长成看似大人的模样
为了可以一起跨越山和海洋
那时的我每天都祈祷 实现这个梦想
现在的你还好吗
是否还会像从前一样的爱笑
现在的你还好吗
当你径直在我面前坦言放下
现在的你还好吗
是否像从前一样有无限的温柔啊
现在的你还好吗
愿你能保持月亮般的心，要爱自己啊
我们之间的回忆
全部都小心地收集
我总是偷偷地哭泣
像倦鸟失了归期
但愿我相信的爱情
结局紧握在我手心
时光匆匆却没有遗失过去
独自收集两个人之间的回忆
即使每当到这时候我都会哭泣
为何一切，变得如此，无法回到过去
但我仍愿意感谢你给过我爱情
每一场风景都是我们爱的证明
就算如今，天各一方，祝你余生动听啊
独自收集两个人之间的回忆
即使每当到这时候我都会哭泣
为何一切，变得如此，无法回到过去
但我仍愿意感谢你给过我爱情
每一场风景都是我们爱的证明
就算如今，天各一方，把回忆拼好给你"
爱尽余生,"爱尽余生 爱你一个人
我这一生 求你一个吻
耗尽余生 挥霍的青春 掷地有声
穷尽一生 我们都在找 那一个人
也错过几段 不好不坏的缘分
爱是诳言 妄语多迷人
骗都骗了 能不能陪我舞完这一程
爱尽余生 爱你一个人
我这一生 求你一个吻
耗尽余生 挥霍的青春 掷地有声
爱尽余生 剩我一个人
我这一生 摇曳的灵魂
耗尽余生 爱错或爱成 不枉此生"
把回忆拼好给你,"我们之间的回忆
全部都小心地收集
我总是偷偷地哭泣
像倦鸟失了归期
但愿我相信的爱情
结局紧握在我手心
时光匆匆却没有遗失过去
希望我们 有光明的未来
还有能够装下星空的期待
可现实为何让我感到如此懈怠
总怀念相遇时我们无视落叶和人海
是你让我勇敢不再像颗尘埃
是你常帮我照料装着梦的盆栽
每一天我们都是如此愉快
一直到天色渐晚看着落日无奈离开
我知道你爱集邮爱笑甚至爱发呆
我知道你怕草虫还有夜晚的妖怪
我喜欢你有一点心不在焉的状态
看起来像个回到七岁时候的小孩
该如何将我这份感情向你告白
喜欢却又不敢爱
直到整个宇宙
在为我焦虑失神慌张之中醒来
就像是黑暗过后黎明盛开
我们之间的回忆
全部都小心地收集
我总是偷偷地哭泣
像倦鸟失了归期
但愿我相信的爱情
结局紧握在我手心
时光匆匆却没有遗失过去
那天你在雨后街角答应接受我的爱
那一刻我的世界有了色彩
这一生无法忘记关于澄蓝色的你
像一份礼物悄然呈现在我的境遇
我们从清晨起玩一整天游戏
到夜晚一起看我最爱的剧
能够拥有这些已足够幸运
我已经不再期待其他什么东西
我们也经常争执互相不接电话
在同一房间终于呼叫冷漠抵达
也曾想过以后生活没有人牵挂
把爱扔掉只剩一块残酷伤疤
而那些你送我的梦，教我折的花
逃亡的盛夏
在夜空隐没之际为我点燃烟花
寂寞时让我把快乐拼起来吧
我们之间的回忆
全部都小心地收集
我总是偷偷地哭泣
像倦鸟失了归期
但愿我相信的爱情
结局紧握在我手心
时光匆匆却没有遗失过去
我们可以就像是孩子一样成长
永远无所畏惧义无反顾向着未知的前方
原来我们每天努力长成看似大人的模样
为了可以一起跨越山和海洋
那时的我每天都祈祷 实现这个梦想
现在的你还好吗
是否还会像从前一样的爱笑
现在的你还好吗
当你径直在我面前坦言放下
现在的你还好吗
是否像从前一样有无限的温柔啊
现在的你还好吗
愿你能保持月亮般的心，要爱自己啊
我们之间的回忆
全部都小心地收集
我总是偷偷地哭泣
像倦鸟失了归期
但愿我相信的爱情
结局紧握在我手心
时光匆匆却没有遗失过去
独自收集两个人之间的回忆
即使每当到这时候我都会哭泣
为何一切，变得如此，无法回到过去
但我仍愿意感谢你给过我爱情
每一场风景都是我们爱的证明
就算如今，天各一方，祝你余生动听啊
独自收集两个人之间的回忆
即使每当到这时候我都会哭泣
为何一切，变得如此，无法回到过去
但我仍愿意感谢你给过我爱情
每一场风景都是我们爱的证明
就算如今，天各一方，把回忆拼好给你"
把月亮私藏,"黄昏冷了场 夜幕在铺张
手心和台阶微微凉
心事不算坦荡 近在你身旁
还要一直去仰望
我也曾幻想 把月亮私藏
又不想用爱 将你捆绑
太多话欲盖弥彰 出卖了心慌
像这遍地的月光
你抬头看月亮 我偷看你模样
多羡慕星光 能靠在你肩膀
梦被无限拉长 是对你的向往
何时会照在我身上
你遥远如月亮 却贴近我心脏
跳动的声响 不愿再对你隐藏
人海会起浪 要陪你一起抵挡
抵余生岁月漫长
黄昏冷了场 夜幕在铺张
手心和台阶微微凉
心事不算坦荡 近在你身旁
还要一直去仰望
我也曾幻想 把月亮私藏
又不想用爱 将你捆绑
太多话欲盖弥彰 出卖了心慌
像这遍地的月光
你抬头看月亮 我偷看你模样
多羡慕星光 能靠在你肩膀
梦被无限拉长 是对你的向往
何时会照在我身上
你遥远如月亮 却贴近我心脏
跳动的声响 不愿再对你隐藏
人海会起浪 要陪你一起抵挡
抵余生岁月漫长
你抬头看月亮 我偷看你模样
多羡慕星光 能靠在你肩膀
梦被无限拉长 是对你的向往
何时会照在我身上
你遥远如月亮 却贴近我心脏
跳动的声响 不愿再对你隐藏
人海会起浪 要陪你一起抵挡
抵余生岁月漫长"
南半球与北海道,"当季节进入冷色调
月亮牵引着浪潮
我乘风航行星际轨道
接收 银河 赐予的讯号
你于花海肆意飘摇
时光定格你的笑
身影隐在云层的缥缈
遗憾 我的 指尖触摸不到
我告别南半球奔向北海道
愿化作那昼夜的飞鸟将你拥抱
等不到天空和海浪相互依靠
我会目送你随日落消失眼角
我告别南半球坠落北海道
脚步逆着人潮往你的方位奔跑
可惜两个时空等不到同一个破晓
最后只能带着回忆奔逃
当季节进入冷色调
月亮牵引着浪潮
我乘风航行星际轨道
接收 银河 赐予的讯号
你于花海肆意飘摇
时光定格你的笑
身影隐在云层的缥缈
遗憾 我的 指尖触摸不到
我告别南半球奔向北海道
愿化作那昼夜的飞鸟将你拥抱
等不到天空和海浪相互依靠
我会目送你随日落消失眼角
我告别南半球坠落北海道
脚步逆着人潮往你的方位奔跑
可惜两个时空等不到同一个破晓
最后只能带着回忆奔逃
我告别南半球奔向北海道
愿化作那昼夜的飞鸟将你拥抱
等不到天空和海浪相互依靠
我会目送你随日落消失眼角
我告别南半球坠落北海道
脚步逆着人潮往你的方位奔跑
可惜两个时空等不到同一个破晓
最后只能带着回忆奔逃"
晚风心里吹,"愿晚风心里吹 吹散我的泪
似风筝把你追
愿等你一辈子 真情留住你
梦里归家那一扇灯
心中所属唯独你
不管天似海深
今生再没遗憾
即使分开仍念记
伤心得你恻隐
温馨我这半生
若某天 风花雪月似金
我倾心 只等你回来时贴近
俗世间 江山雨落无尽放任
与沧海 未尽缘分
愿晚风将我吹 吹进你心内
晚灯映花正开
月映照伤我心 痴情难自禁
夜半莺歌叹息我孤身
愿晚风心里吹 吹散我的泪
似风筝把你追
愿等你一辈子 真情留住你
梦里归家那一扇灯
心中所属唯独你
不管分隔千里
痴心也在原地
旧日片段曾属你
紧紧拥抱不弃
终于再没逃避
若某天 风花雪月如泪
我等你 悲欢过后 如愿再聚
俗世间 江山雨落 无尽唏嘘
与沧海 一生回味
愿晚风将我吹 吹进你心内
晚灯映花正开
月映照伤我心 痴情难自禁
夜半莺歌叹息我孤身
愿晚风心里吹 吹散我的泪
似风筝把你追
愿等你一辈子 真情留住你
梦里归家那一扇灯
愿等你一辈子 真情留住你
梦里归家那一扇灯"
三拜红尘凉,"听那锣鼓喧天 谁伴着泪眼
荒唐的婚姻在世间
从未有相见却能牵住红线
世俗让人疯癫 句句话偏见
这一场婚事定义着贵贱
叹爱恨无边 让喜字成云烟
她坐红帐 面带浓妆
唢呐一声唱 明月光
这女子泪眼拜高堂
一拜天地日月
二拜就遗忘这一生
跪三拜红尘凉
庭院 大门锁上
杂乱的眼光 多喧嚷
这女子笑颜几惆怅
余生喜乐悲欢都无关
她眼中已无光
听那锣鼓喧天 谁伴着泪眼
荒唐的婚姻在世间
从未有相见却能牵住红线
世俗让人疯癫 句句话偏见
这一场婚事定义着贵贱
叹爱恨无边 让喜字成云烟
她坐红帐 面带浓妆
唢呐一声唱 明月光
这女子泪眼拜高堂
一拜天地日月
二拜就遗忘这一生
跪三拜红尘凉
庭院 大门锁上
杂乱的眼光 多喧嚷
这女子笑颜几惆怅
余生喜乐悲欢都无关
她眼中已无光
她坐红帐 面带浓妆
唢呐一声唱 明月光
这女子泪眼拜高堂
一拜天地日月
二拜就遗忘这一生
跪三拜红尘凉
庭院 大门锁上
杂乱的眼光 多喧嚷
这女子笑颜几惆怅
余生喜乐悲欢都无关
她眼中已无光
余生喜乐悲欢都无关
她眼中已无光"
虞兮叹,"楚河流沙几聚散 日月沧桑尽变换
乱世多少红颜换一声长叹
谁曾巨鹿踏破了秦关 千里兵戈血染
终究也不过是风轻云淡
长枪策马平天下 此番诀别却为难
一声虞兮虞兮泪眼已潸然
与君共饮这杯中冷暖 西风彻夜回忆吹不断
醉里挑灯看剑 妾舞阑珊
垓下一曲离乱 楚歌声四方
含悲 辞君 饮剑 血落凝寒霜
难舍一段过往 缘尽又何妨
与你魂归之处便是苍茫
长枪策马平天下 此番诀别却为难
一声虞兮虞兮泪眼已潸然
与君共饮这杯中冷暖 西风彻夜回忆吹不断
醉里挑灯看剑 妾舞阑珊
垓下一曲离乱 楚歌声四方
含悲 辞君 饮剑 血落凝寒霜
难舍一段过往 缘尽又何妨
与你魂归之处便是苍茫
汉兵刀剑纷乱 折断了月光
江畔 只身 孤舟 余生不思量
难舍一段过往 缘尽又何妨
与你来生共寄山高水长"
失语者,"我们总在爱情里死不悔改
选择苦捱放逐他漂流人海
和平不争执就放开彼此
是因为骄傲或潜意识
想假装高尚的仁慈
真心话都禁止
不可一世
我们总在爱情里死不悔改
选择苦捱放逐他漂流人海
把想说的变胡扯
一个个的失语者
But we are
We are no better
当初的说辞不适合彼此
只是藏匿懦弱的台词
都怪我觉悟得太迟
结束了爱你才开始
如此讽刺
我们总在爱情里死不悔改
选择苦捱放逐他漂流人海
把想说的变胡扯
一个个的失语者
But we are
We are no better
总在爱情里我看不明白
既然有爱好歹也说个明白
我嘲笑着失败者
是眼睁睁放手的
But we are
We are no better
No better"
心似烟火,"我们的心像烟火
一朵连结着一朵
不独自飘落
赶走了寂寞
转身我在原地等你
也许会偶尔停泊
结束向前的念头
也不畏寂寞
和天空海阔
转身看见你灿烂的笑容
模糊的世界
虚幻的情节
憧憬熄灭
雨下整夜
我也不能凝聚星辰多一些
但风凛冽
握紧你的手
不怕夜更迭
在悲伤的时候
在痛苦的时候
坦率像沙漠里的海市蜃楼
我看着你背影
想开口
那勇气却和时间偷偷溜走
思念知难眠
时间不知深浅
想做你锦上添花一场盛宴
是唯一心愿
可睁眼
现实和梦啊原来都在一瞬间
我们的心像烟火
一朵连结着一朵
不独自飘落
赶走了寂寞
转身你在原地等我
也许会偶尔停泊
结束向前的念头
也不畏寂寞
和天空海阔
转身看见你灿烂的笑容
世上的人无论任何
都有孤单的时刻
充满胆怯面对着告别
仍慢慢前进着
辗转着唱首歌
变成了坚定长河
仍然期待着明天有新的喜乐
你微笑的瞬间
心绪像断了弦
拥抱是荒原中的昙花一现
如果心下雪
沦陷
流完泪看光划过夜
冬天变春天
每天都在改变
我们正渺小模糊开始遥远
就算看不见
向前
未来也能够拥有好晴天
我们的心像烟火
一朵连结着一朵
不独自飘落
赶走了寂寞
转身你在原地等我
也许会偶尔停泊
结束向前的念头
也不畏寂寞
和天空海阔
转身看见你灿烂的笑容
自己走着就是独特
一步一步也许苦涩
放掉伪装别舍不得
生活变温热
有人默默一直陪着
装模作样就会忘了
四周其实变得干涸
想要找的多么坎坷
再去放开怎会舍得
松开会痛彻
毕竟也深爱着
当想回头的时候
看到了来的入口
往回走
模糊的世界
虚幻的情节
憧憬熄灭
雨下整夜
我也不能凝聚星辰多一些
但风凛冽
握紧你的手
不怕夜更迭"
离别开出花,"坐上那朵离家的云霞
飘去无人知晓的天涯
背着妈妈说的那句话
孩子人生其实不复杂
喔～眼泪轻轻地擦
别管那多嘴乌鸦
咽下那些风沙
你才能慢慢长大
要错过几个她
用你最好的年华
这是青春的代价
当离别开出花
伸出新长的枝桠
像冬去春又来
等待心雪融化
你每次离开家
带着远方的牵挂
那城市的繁华
盖住了月牙
当离别开出花
它生长在悬崖
在最高的山顶
才听得见回答
没什么好害怕
孩子放心去飞吧
在你的身后
有个等你的家
坐上那朵离家的云霞
飘去无人知晓的天涯
背着妈妈说的那句话
孩子人生其实不复杂
喔～眼泪轻轻地擦
别忘那童年梦话
散在远方的花
也随风慢慢长大
要错过几个她
用你最真的年华
这是青春的回答
当离别开出花
伸出新长的枝桠
像冬去春又来
等待心雪融化
你每次离开家
带着远方的牵挂
那城市的繁华
盖住了月牙
当离别开出花
它生长在悬崖
在最高的山顶
才听得见回答
没什么好害怕
孩子放心去飞吧
在你的身后
有个等你的家
当离别开出花
伸出新长的枝桠
像冬去春又来
等待心雪融化
你每次离开家
带着远方的牵挂
那城市的繁华
盖住了月牙
当离别开出花
它生长在悬崖
在最高的山顶
才听得见回答
没什么好害怕
孩子放心去飞吧
在你的身后
有个等你的家
"
沈园外,"上次落下
要送给你的花
生根让满园都发芽
不见不散吗
这道墙后谁笑了
让我结疤让我落地风化
能释然吧
哪怕拱手送走她
推开门重逢 再相拥吗
约好的山盟 总是入梦
思念难作假
又留在心底 太嘲哳
在池台的正中
像当初的怀中
隔太多春秋会不能相拥
还没到开满花
却看见天边一点点变红
还以为无影踪
记忆里又翻涌
人长大后 太难学从容
总有事忙怎么像化蝶 那么勇
能释然吧
哪怕拱手送走她
推开门重逢 再相拥吗
约好的山盟 总是入梦
思念难作假
又留在心底 太嘲哳
在池台的正中
像当初的怀中
隔太多春秋会不能相拥
还没到开满花
却看见天边一点点变红
还以为无影踪
记忆里又翻涌
人长大后 太难学从容
总有事忙怎么像化蝶 那么勇
在池台的正中
像当初的怀中
隔太多春秋会不能相拥
还没到开满花
却看见天边一点点变红
还以为无影踪
记忆里又翻涌
人长大后 太难学从容
总有事忙怎么像化蝶 那么勇
总有事忙怎么像化蝶 那么勇"
红红苹果,"红红苹果一个
黄色香蕉一根
蓝蓝的天空下
你还看到什么
绿绿叶子一片
紫色葡萄一颗
橙色的太阳下
你还看到什么
黑黑的夜空中
在白白的月亮旁
有闪烁的星星
陪我说我爱你
红红苹果一个
黄色香蕉一根
蓝蓝的天空下
你还看到什么
绿绿叶子一片
紫色葡萄一颗
橙色的太阳下
你还看到什么
黑黑的夜空中
在白白的月亮旁
有闪烁的星星
陪我说我爱你"
银心便利店,"便利店加热便当的声音
是你出现时的背景音乐
雨伞勾住雨伞的瞬间
温暖的春天暖红了脸
我数着找零的硬币拖延
刚好到你买汽水的时间
偷偷听着你耳机里漏出的音乐
做好准备让我的爱对你展开攻略
我对你的感觉
像花海暴风雪 像潮汐的热烈
像萤火虫 提着灯笼照亮整片的麦田
我在你的瞳孔 看见整个三月
便利店荧光是 银河的碎片
我们不过是 夜色掩护的星屑
天气预报说晨雾会消散
而我的呼吸正在雾化你侧脸
如果相遇是概率的偶然
为何擦肩时 地球突然倾斜
在饭团过期前三十秒
我们尝着同一粒海盐的咸
当所有保质期都指向明天
为何你的眼睛在说永远
我对你的感觉
像花海暴风雪 像潮汐的热烈
像萤火虫 提着灯笼照亮整片的麦田
我在你的瞳孔 看见整个三月
便利店荧光是 银河的碎片
便利店买汽水 故意碰翻了你的硬币
零钱叮当响 打着帮助你的名义
击中我心脏 身体系统不停指令
荷尔蒙促进使命 丘比特附近使劲
拉开弓把我们的缘分 固定在这里
微波炉里加热完毕 散发出热气
It,s now你那里
是否感应的到 有什么奇怪信号
我这里传出的 Love
我对你的感觉
像花海暴风雪 像潮汐的热烈
像萤火虫 提着灯笼照亮整片的麦田
我在你的瞳孔 看见整个三月
便利店荧光是 银河的碎片
我们不过是 夜色掩护的星屑"
我想让你听到,"漫长时光总会送你来到
在我的身边安好
我的手掌还有我的怀抱
给你最大的依靠
你在何方飘摇
为何还不明了
我祈祷
有你的美好
我想让你听到
我给你的信号
飞过沙漠孤岛
天涯海角寻找
我想让你知道
给你一个拥抱
在每一个
有你的清早
漫长时光总会送你来到
在我的身边安好
我的手掌还有我的怀抱
给你最大的依靠
你在何方飘摇
为何还不明了
我祈祷
有你的美好
我想让你听到
我给你的信号
飞过沙漠孤岛
天涯海角寻找
我想让你知道
你是我的骄傲
尽全力向你奔跑
我要穿过人潮
为你披上外套
在这一秒
温暖到终老"
自焚,"刺穿我的话语让午夜自焚
谁会把名字烫进你的纹身
理由牵强在于揭旧伤痕
离远些不用考虑我的自尊
刺穿我的话语让午夜自焚
谁会把名字烫进你的纹身
卧室旧床凹进两人墓坑
Your name scars where fire’ s
Oh baby装坏的脾气
My stay雨季的洗礼
烟味不停的忏悔
一笔带过的安慰
怪谁内心隐藏鬼
My baby一层层强退
蔷薇一堆堆往上垒啊
雷啊再会
抱紧太痛我却不会走
你的眼泪哪肯为我停留
松开双手遗失的景秀
读懂眉语我不会紧扣
余温环绕指尖跳跃成真
溺爱于星光中蜕为标本
宁要一切烧焦变废土
最后一片灰烬我的叮嘱
沸腾瞬间暴雨来得清楚
难道这些枷锁把你禁锢
任鸟飞远
独自靠窗领悟
强加于你一生痛楚
你混淆于我期待同效
才发现拿起我很糟糕
假冒而丢弃的止痛药
被用起才反应太潦草
I like flying
Oh baby装坏的脾气
My stay雨季的洗礼
烟味不停的忏悔
一笔带过的安慰
怪谁内心隐藏鬼
My baby一层层强退
蔷薇一堆堆往上垒啊
雷啊再会
心脏狂跳像座监牢
封锁彼此一秒都煎熬
无用被注销的登录号
密码输错千万都徒劳
系统在笑提示早已注销
默认留缓存清理不掉
因欣赏退不回纪念品
标签钢印我不相信
如今积攒灰丢角落陈列
触及就碎胜过假装整洁
龙卷风卷啊
卷走天意
and you leave me
无动于衷该被你嫌弃？
Pleasedon't choose me"
把药给7号病人,"沉默的黑夜
安静的世界
应该有很多人都没有睡
都在想念谁
在想念谁
好像是眼泪
怎么是眼泪
突然我现在变得不虚伪
还会掉眼泪
爱过的人
你在哪
原来我们都经不起
这世界的变化
想念你呀你在哪
今夜不眠的人群中
有你吗
好像是眼泪
怎么是眼泪
突然我现在变得不虚伪
还会掉眼泪
爱过的人
你在哪
原来我们都经不起
这世界的变化
想念你呀你在哪
今夜不眠的人群中
有你吗
爱过的人
呜
想念你啊
嘿
今夜不眠的人群中
有你吗有你吗"
雪落樱灯,"檐上白雪未融
枝头粉色初生
一场季节错置的梦
你从风中来
衣角染了霜
却唤醒我心底的春光
城南巷口初灯
谁在低语旧名
手中热茶温不了冷清
你笑若樱落
浅浅一场风
飘进我眉间的长冬
我在雪里等
一年又一年
等一朵花盛开你转身那一眼
若雪落樱灯
是否你就归程
长街尽头那人
是不是还记得旧梦
风吹白了枝桠
吹不散心上的话
我在春雪之间
等一句你说的牵挂
红伞落在桥头
旧词翻在袖中
你遗下的音容太浅
只够一笺墨
一盏夜未浓
回望仍像初见的心动
你说缘如梦
梦醒不会痛
可为何花开时我仍站在风中
若雪落樱灯
是否照亮归程
就算你不回身
我也想把这梦认真
春色落在雪下
回忆藏进了樱花
我用一场等待
把你写进每一句风雅
一半是冬雪的清冷
一半是樱花的轻粉
你是我错过的光阴
也是不散的旅程
若雪落樱灯
是否你就归程
哪怕只是落花
也曾照亮这一生
你若走过天涯
别忘了我曾牵挂
在最安静的雪夜
听樱花一瓣落下"
热带旅行,"正午的日光从头照射到脚上
通宵的时长留在不打烊的机场
有缘会再见今生还很长
大厦不倾塌霓虹点燃封锁欲望
芒果和秀场才不挑剔对象
爱笑的脸庞仍是夜夜难忘
海边的女郎让我想起旧时光
买不起衣裳和会长大的希望
说声再见我的旧时光
我的旧时光已经看不清模样
看不清那模样我的好时光
我的好时光不回头的时光
正午的阳光像永远那么长
通宵的剧场结束得好慌忙
有缘会再见还好能这么想
大厦会倾塌直到风吹动围墙
芒果和秀场只属于度假时光
爱笑的脸庞仍是夜夜难忘
海边的女郎让我想起好时光
买不起衣裳和会长大的希望
说声再见我的旧时光
我的旧时光已经看不清模样
看不清那模样我的好时光
我的好时光不回头的时光"
梦幻泡影,"时间慢慢
会证明你有多爱我
时间慢慢
会考验我们的承诺
害怕醒来
怕一切变得赤裸裸
害怕醒来
怕一切变得太脆弱
我迷失
我彷徨
这个时候你去哪里了
你说过的
你爱我的
这个时候你去哪里了
我发誓了
我会好的
只是现在我眼眶红了
时间慢慢
会证明你有多爱我
时间慢慢
会考验我们的承诺
害怕醒来
怕一切变得赤裸裸
害怕醒来
怕一切变得太脆弱
我迷失
我彷徨
这个时候你去哪里了
你说过的
你爱我的
这个时候你去哪里了
我发誓了
我会好的
只是现在
我眼眶红了
我迷失
我彷徨
这个时候你去哪里了
你说过的
你爱我的
这个时候你去哪里了
我发誓了
我会好的
只是现在
我眼眶红了"
我只想爱你,"拥有多种颜色的彩虹
只出现在雨后的天空
而你却在我心中
点亮那感动
星星月亮点缀在夜空
故事般相遇那份心动
才懂那时的笑容
烙印在脑中
可是不知道你有没有对我也心动
我只想爱你
把你宠到无边无际
将我的心全部都交给你
爱你的我不三心二意
我只想爱你
爱你是我永久的恒心
爱你的我天天拥抱着你
要相信我的真心
拥有多种颜色的彩虹
只出现在雨后的天空
而你却在我心中
点亮那感动
星星月亮点缀在夜空
故事般相遇那份心动
才懂那时的笑容
烙印在脑中
可是不知道你有没有对我也心动
我只想爱你
把你宠到无边无际
将我的心全部都交给你
爱你的我不三心二意
我只想爱你
爱你是我永久的恒心
爱你的我天天拥抱着你
要相信我的真心
我爱你
可是不知道你有没有对我也心动
我只想爱你
把你宠到无边无际
将我的心全部都交给你
爱你的我不三心二意
我只想爱你
爱你是我永久的恒心
爱你的我天天拥抱着你
要相信我的真心
我爱你"
牵着手走散,"掐了我的烟
再掰两半
吵了次架一拍两散
都保持沉默
都不说话
没有不断磨合只有冷战
掐了我的烟
再掰两半
为何牵着手还能走散
数着你的疤痕一片片
一边说着爱我还叫我滚蛋
我把思緒都裝進了煙
愛恨交織在一瞬間
咬開濾嘴的爆珠
我們的故事也埋葬在那天
那根煙分兩半
我們也一刀兩斷
燒焦的承諾
在回憶的煙灰缸慢慢腐爛
爆珠殘留你的香味
還在我的咽喉里打轉
和你分開在了巷尾
你說以後別再糾纏
我抽完了你送我的百樂煙
卻沒走到終點
最後只剩我一人哭著聽完
愛在西元前
掐了我的烟
再掰两半
吵了次架一拍两散
都保持沉默
都不说话
没有不断磨合只有冷战
掐了我的烟
再掰两半
为何牵着手还能走散
数着你的疤痕一片片
一边说着爱我还叫我滚蛋
试着理解你说那些伤人的话
做不到都放下
对你的爱不是一點點
第二杯半价
你和他聊那么深
把我伤那么深
说的话都变成插我的针
直到第二天醉倒在房门后
我才不愿跟你争
什么星座不合我从来都没信过
雨下整夜为你发烧为你病过
想要去见你八个小时硬座
可你还是从来不相信我
伤害你的事 我还是做不到
发给你的信息你再也收不到
哪怕分开能够结束争吵
我还是想说我依然忘不掉"
