,词频
我们,59
没有,40
回忆,30
知道,28
一个,27
那么,26
现在,26
爱情,26
怎么,25
总是,25
世界,25
还是,23
时光,21
时间,21
什么,20
眼泪,20
月亮,19
一切,19
那些,19
Memory,18
所有,18
全部,18
看见,18
讨厌,18
不再,17
时候,17
喜欢,17
还好,17
是否,16
之间,16
自己,16
还有,16
变得,15
慢慢,15
为何,15
温柔,15
过去,15
晚风,14
离开,14
余生,14
相信,14
只是,14
已经,14
不能,14
不想,13
不是,13
心里,13
身边,13
像是,13
的话,13
夜晚,13
哭泣,13
天空,13
不到,13
收集,12
一场,12
最后,12
一生,12
模样,12
My,12
这个,12
以为,12
哪里,12
you,12
我会,12
变成,12
如此,12
不会,12
就算,12
思念,11
关于,11
看着,11
从前,11
寂寞,11
舍得,11
可是,10
无法,10
一直,10
想念,10
能够,10
回到,10
为什么,10
手心,10
也许,10
如果,10
闪烁,10
一样,10
小心,10
生活,10
me,9
其实,9
直到,9
结局,9
到底,9
告别,9
突然,9
走过,9
不停,9
如今,9
真的,9
一起,9
转身,9
baby,9
看到,9
再也,9
终于,9
整个,9
遗失,9
know,9
每天,9
疯狂,8
世间,8
褪去,8
害怕,8
期待,8
青春,8
烈火,8
时空,8
一天,8
情绪,8
希望,8
落叶,8
星星,8
感谢,8
牵挂,8
心动,8
彻底,8
可以,8
消失,8
独自,8
融化,8
生气,8
匆匆,8
紧握,8
但愿,8
归期,8
鸟失,8
偷偷地,8
温暖,8
can,8
忘记,8
每次,8
火焰,8
需要,8
只能,8
两个,7
再见,7
安静,7
相拥,7
彼此,7
失去,7
想起,7
拥抱,7
想要,7
结束,7
泪眼,7
离别,7
反正,7
习惯,7
dont,7
名字,7
孩子,7
那天,7
困住,7
醒来,7
选择,7
永远,7
偶尔,7
放下,7
记得,7
曾经,7
因为,7
发现,7
撕碎,7
夜空,7
瞳孔,7
好像,7
遥远,6
眼睛,6
开始,6
指尖,6
色彩,6
远方,6
偷偷,6
这里,6
才能,6
上瘾,6
留在,6
故事,6
多人,6
努力,6
脚步,6
愿意,6
一遍,6
let,6
沉默,6
原地,6
里面,6
样子,6
依靠,6
风景,6
清楚,6
未来,6
原来,6
明明,6
这是,6
不过,6
黑白,6
他们,6
感受,6
火会,6
抓住,6
不断,6
不愿,6
are,6
南半球,6
北海道,6
有没有,6
心在,6
爱如,6
开出,6
难道,6
一朵,6
准备,6
瞬间,6
一片,6
相遇,6
心窝,6
如何,6
等待,6
不怕,6
证明,6
女子,6
长大,6
落下,6
从没,6
隐藏,6
即使,6
in,6
照亮,6
人生,6
代替,6
一声,6
回答,6
leave,5
星光,5
停留,5
唯一,5
快要,5
绝弦,5
当初,5
不要,5
不同,5
so,5
悲欢,5
拥有,5
your,5
多少,5
无限,5
烟火,5
这份,5
保持,5
总在,5
人群,5
失控,5
那个,5
心脏,5
漫长,5
银河,5
花海,5
幸运,5
留住,5
脑海,5
一句,5
梦里,5
红尘,5
一次,5
面对,5
it,5
究竟,5
笑颜,5
笑容,5
空气,5
早就,5
重复,5
love,5
便利店,5
开口,5
今天,5
为难,5
挣扎,5
not,5
盛夏,5
迷雾,5
翻涌,5
身旁,5
计算,5
眼中,5
步伐,5
岁月,5
游戏,5
喜乐,5
回头,5
go,5
人潮,5
天边,5
还会,5
就是,5
不见,5
好时光,5
失落,5
看不清,4
心底,4
我爱你,4
两半,4
这时候,4
美好,4
天各一方,4
化蝶,4
那时,4
祈祷,4
错过,4
每当,4
一点,4
贴近,4
want,4
日月,4
无关,4
已无光,4
比作,4
better,4
便是,4
伴舞,4
向前,4
忘掉,4
一扇,4
有事,4
真情,4
片段,4
一辈子,4
奔跑,4
出现,4
枝桠,4
理由,4
哪怕,4
飘摇,4
跳舞,4
悲哀,4
爱笑,4
不敢,4
星石,4
安慰,4
错位,4
伤人,4
般的,4
决定,4
目送,4
一瞬,4
过往,4
看过,4
礼物,4
偷看,4
互相,4
城市,4
现实,4
alone,4
寂静,4
以后,4
感觉,4
一半,4
定时炸弹,4
用尽,4
为了,4
no,4
宽容,4
早已,4
有点,4
秘密,4
消散,4
偏偏,4
热烈,4
刚刚,4
难过,4
天天,4
wanna,4
just,4
发呆,4
霓虹,4
sad,4
停止,4
The,4
moon,4
is,4
shy,4
幻想,4
一点点,4
昼夜,4
颜色,4
算了,4
来来来,4
不眠,4
海浪,4
梦醒,4
无聊,4
遇见,4
feel,4
后悔,4
lying,4
明白,4
bad,4
燃烧,4
肆意,4
黑夜,4
眼角,4
只有,4
付出,4
爱恨,4
雨季,4
月光,4
阑珊,4
遮盖,4
Moonlight,4
化作,4
实现,4
伸出,4
暴雨,4
用力,4
声音,4
风吹,4
分开,4
双手,4
地方,4
想过,4
遗忘,4
季节,4
有些,4
带走,4
万般,4
随风,4
流连,4
这座,4
一身,4
we,4
不了,4
一段,4
翻过,4
一笔带过,4
真假,4
听说,4
蓝色,4
漂流,4
经过,4
夕阳,4
走进,4
接受,4
整夜,4
走散,3
夏天,3
浓妆,3
明月光,3
孤身,3
星空,3
情话,3
唢呐,3
跪三拜,3
高堂,3
触动,3
一拜天地,3
二拜,3
杂乱,3
庭院,3
大门,3
心像,3
梦想,3
甜蜜,3
We,3
But,3
放逐,3
死不悔改,3
熟悉,3
定格,3
电影,3
何妨,3
缘尽,3
难舍,3
烟花,3
甚至,3
说话,3
惆怅,3
喧嚷,3
眼光,3
爱过,3
一把,3
锁上,3
逃避,3
夜色,3
池台,3
或许,3
不讲理,3
但是,3
若雪落,3
樱灯,3
归程,3
下雨天,3
周六,3
动作,3
在意,3
挡住,3
讲述,3
语言,3
吵架,3
滴答,3
水滴石穿,3
惦记,3
剩下,3
坏天气,3
陪伴,3
惴惴不安,3
荒唐,3
应该,3
是因为,3
说唱,3
樱花,3
雨声,3
无所谓,3
今夜,3
手机,3
落日,3
来得,3
太阳,3
连结,3
街角,3
依赖,3
路口,3
低头,3
争吵,3
忘不掉,3
作伴,3
多么,3
全都,3
一瞬间,3
孤单,3
oh,3
不够,3
无奈,3
猜不透,3
东西,3
电话,3
day,3
口中,3
一眼,3
可能,3
天空海阔,3
会想,3
山顶,3
数着,3
最高,3
悬崖,3
生长,3
痕迹,3
一边,3
月牙,3
埋葬,3
盖住,3
暴风雪,3
潮汐,3
繁华,3
眼前,3
萤火虫,3
灯笼,3
整片,3
麦田,3
三月,3
荧光,3
碎片,3
卸载,3
程序,3
装满,3
藏进,3
听得见,3
飘落,3
没什么,3
怀中,3
隔太多,3
春秋,3
开满花,3
感情,3
影踪,3
记忆里,3
冷漠,3
太难学,3
从容,3
拨开,3
眼里,3
无感,3
热情,3
打转,3
的确,3
不算,3
刚好,3
有个,3
爱着,3
抽离,3
身后,3
放心,3
扯开,3
心雪,3
冬去,3
这样,3
何苦,3
自问,3
the,3
来到,3
成恨,3
在乎,3
信号,3
秋天,3
沙漠,3
脾气,3
面前,3
雨下,3
感到,3
镜子,3
模糊,3
灿烂,3
欲望,3
足够,3
不畏,3
显得,3
念头,3
停泊,3
赶走,3
之后,3
是不是,3
出口,3
舍不得,3
新长,3
之大,3
背后,3
放过,3
天涯,3
梦话,3
不得,3
再也不会,3
笑话,3
身影,3
流沙,3
伤口,3
夜幕,3
心之所动,3
even,3
之前,3
触摸,3
无边,3
始终,3
心事,3
差点,3
卑微,3
快乐,3
正中,3
永久,3
场景,3
迁走,3
争执,3
遗憾,3
一程,3
我魂,3
一秒,3
You,3
这些,3
雪白,3
飞鸟,3
发誓,3
盛开,3
方位,3
不声,3
跳动,3
眼眶,3
相互,3
过后,3
终归,3
日落,3
结成,3
出神,3
坠落,3
常让,3
众生,3
彷徨,3
放不下,3
恒顺,3
无论,3
声响,3
人海会,3
起浪,3
抵挡,3
潇洒,3
轻而易举,3
起来,3
光阴,3
身上,3
会照,3
何时,3
向往,3
拉长,3
肩膀,3
残酷,3
不如,3
勇敢,3
点燃,3
羡慕,3
抬头,3
迷失,3
接电话,3
逆着,3
不响,3
可惜,3
fire,3
同一个,3
缘分,3
破晓,3
了解,3
奔逃,3
清晨,3
mind,3
世俗,3
浪漫,3
吹散,3
我心,3
like,3
风筝,3
放开,3
耗尽,3
爱尽,3
会怪,3
最大,3
真心,3
lay,3
交给,3
放弃,3
属于,3
摇摆,3
恒心,3
无边无际,3
to,3
shadow,3
拥抱着,3
How,3
share,3
这种,3
三心二意,3
言说,2
学会,2
这般,2
海洋,2
只不愿,2
直觉,2
往事,2
看似,2
跨越,2
大人,2
春天,2
明天,2
黄昏,2
渐渐,2
长成,2
保留,2
前方,2
挥霍,2
掷地有声,2
拼好,2
一挥,2
已成,2
弱者,2
憧憬,2
熄灭,2
交替,2
走出,2
圈套,2
厮杀,2
凝聚,2
争名夺利,2
唏嘘,2
流星,2
几乎,2
星辰,2
多一些,2
落差,2
但风,2
更迭,2
凛冽,2
强者,2
坦言,2
两刃,2
话语权,2
虚幻,2
生动,2
利剑,2
最能,2
握紧,2
情节,2
名片,2
懦弱,2
空间,2
美梦,2
轻弹,2
算清,2
径直,2
一去不返,2
睁开眼,2
变换,2
不过如此,2
不可,2
文字,2
未知,2
宇宙,2
草虫,2
妖怪,2
心不在焉,2
状态,2
看起来,2
回望,2
七岁,2
讲话,2
小孩,2
告白,2
焦虑,2
有种,2
逐渐,2
失神,2
慌张,2
之中,2
成不了,2
黑暗,2
黎明,2
考虑,2
遇到,2
答应,2
释然,2
愿望,2
正在,2
拱手,2
装着,2
照料,2
常帮,2
尘埃,2
无视,2
怀念,2
懈怠,2
光明,2
天色,2
liar,2
渐晚,2
太嘲,2
愉快,2
集邮,2
入梦,2
山盟,2
既然,2
重逢,2
推开,2
认真,2
送走,2
那一刻,2
一份,2
悄然,2
那句话,2
背着,2
伤疤,2
无人知晓,2
依然,2
云霞,2
逃亡,2
抑或,2
隐没,2
之际,2
那朵,2
能否,2
从来,2
松开,2
成长,2
猜想,2
无所畏惧,2
一步,2
义无反顾,2
只想,2
遭遇,2
向着,2
妈妈,2
复杂,2
呈现,2
轻轻地,2
境遇,2
起玩,2
一支,2
一页,2
一只,2
一整天,2
其他,2
经常,2
不用,2
充满,2
同一,2
房间,2
几百遍,2
呼叫,2
抵达,2
年华,2
扔掉,2
几个,2
少年,2
走走停停,2
一块,2
离家,2
九转,2
铺张,2
却是,2
任何,2
花正开,2
晚灯映,2
浮夸,2
吹进,2
摩斯电码,2
领教过,2
人间,2
一地,2
碎落,2
花瓣,2
流淌,2
鲜艳,2
如火般,2
荡漾,2
心早,2
爱如火,2
雪人,2
碰撞,2
眼眸,2
某个,2
算了吧,2
缥缈,2
上天,2
广场,2
从未,2
婚姻,2
浪潮,2
锣鼓喧天,2
千里,2
乘风,2
航行,2
叹息,2
首歌,2
星际,2
轨道,2
接收,2
莺歌,2
赐予,2
讯号,2
隐在,2
夜半,2
云层,2
自禁,2
痴情,2
映照,2
伪装,2
潮湿,2
牵住,2
减半,2
路灯,2
心中,2
浅浅,2
所属,2
唯独,2
不管,2
眼见,2
角落里,2
发霉,2
腐烂,2
意兴,2
偏执,2
崎岖,2
踏步,2
平川,2
无尽,2
雨落,2
千万,2
江山,2
今生,2
风花雪月,2
理想,2
不安,2
行人,2
呼唤,2
倒映在,2
听不清,2
确定,2
沧海,2
年复一年,2
伤心,2
小窗,2
我明,2
高温,2
笔记,2
过滤,2
铭记,2
噪音,2
靠近,2
侵扰,2
微弱,2
风雪,2
困意,2
澄明,2
透过,2
玻璃,2
相见,2
红线,2
台阶,2
天算,2
脚跟,2
奢望,2
不敢高攀,2
强大,2
仰望,2
坚持,2
真实,2
苍茫,2
私藏,2
魂归,2
用爱,2
捆绑,2
太多话,2
凝寒,2
血落,2
饮剑,2
辞君,2
对手,2
含悲,2
四方,2
歌声,2
站稳,2
人算,2
一曲,2
十八弯,2
微微,2
失语,2
一个个,2
胡扯,2
假装,2
骄傲,2
坦荡,2
还要,2
态度,2
那座,2
度过,2
八十一,2
人生路,2
从此,2
发生,2
反转,2
背坡,2
后方,2
惨淡,2
剧情,2
最好,2
离乱,2
垓下,2
牵引,2
遍地,2
枫叶,2
独念,2
梦中,2
山水,2
褪下,2
抓不住,2
八月,2
尾巴,2
这么,2
云烟,2
喜字,2
贵贱,2
进入,2
定义,2
手中,2
余温,2
婚事,2
偏见,2
句句,2
疯癫,2
冷色调,2
等到,2
心慌,2
看剑,2
出卖,2
挑灯,2
醉里,2
彻夜,2
时代,2
西风,2
冷暖,2
杯中,2
君共饮,2
潸然,2
虞兮虞,2
诀别,2
此番,2
平天下,2
策马,2
长枪,2
出发,2
深刻,2
教会,2
欲盖弥彰,2
阳光,2
人太,2
日子,2
作假,2
红红,2
意义,2
折磨,2
河里,2
双眼,2
一年,2
治愈,2
by,2
办法,2
真话,2
没想到,2
伤害,2
很多,2
太快,2
扩散,2
关掉,2
怎么办,2
安全感,2
放肆,2
剥夺,2
每个,2
早该,2
角度,2
心冰得,2
自觉,2
获得,2
关心,2
煎熬,2
默数,2
变奏,2
同步,2
帮助,2
会笑,2
心思,2
有缘,2
陷入,2
步调,2
无处可逃,2
左向右,2
重新,2
撞个满怀,2
跳错,2
节拍,2
躲不开,2
立刻,2
通宵,2
某某,2
正午,2
期盼,2
裂开,2
傻傻的,2
Follow,2
Oh,2
蔷薇,2
强退,2
一层层,2
内心,2
忏悔,2
烟味,2
洗礼,2
stay,2
使命,2
装坏,2
算不算,2
变化,2
如梦初醒,2
两手空空,2
同样,2
留下,2
扰乱,2
时差,2
白发,2
纹身,2
自焚,2
午夜,2
一堆堆,2
上垒,2
那本,2
可乐,2
经不起,2
虚伪,2
讽刺,2
轻松,2
问候,2
闪动,2
滴落,2
你好,2
大脑,2
还给,2
找到,2
苹果,2
注销,2
耳机,2
封锁,2
衣袖,2
恍然大悟,2
喉咙,2
卡住,2
那次,2
答复,2
move,2
备注,2
刺穿,2
缠绵悱恻,2
单丝不成线,2
流浪,2
脚步声,2
长廊,2
高山流水,2
佳人,2
远乡,2
天地,2
轰的一声,2
歌写,2
我們,2
悠长,2
飞机,2
池塘,2
爆珠,2
飘转,2
树叶,2
滚蛋,2
晨昏,2
一片片,2
疤痕,2
牵着手,2
归根,2
叫嚷,2
灯一亮,2
当成,2
特别,2
夜里,2
从不,2
泪水,2
个人,2
原因,2
心头,2
散场,2
人为,2
想象,2
大步,2
晴朗,2
走来,2
远光,2
旋转,2
飞驰,2
几帧,2
怎样,2
闪过,2
空荡,2
无人,2
命运,2
冷战,2
脸红,2
夜夜,2
可爱,2
邀请,2
绝不,2
舞动,2
会长,2
衣裳,2
买不起,2
女郎,2
海边,2
难忘,2
do,2
磨合,2
脸庞,2
和秀场,2
芒果,2
倾塌,2
大厦,2
夜风,2
头发,2
吹拂,2
玫瑰色,2
晚霞,2
容易,2
以前,2
说声,2
尽全力,2
保持沉默,2
两散,2
每句,2
初见,2
画面,2
脑中,2
烙印,2
点缀,2
感动,2
点亮,2
在我心中,2
可笑,2
誓言,2
彩虹,2
多种,2
脆弱,2
赤裸裸,2
前进,2
承诺,2
背影,2
考验,2
话语,2
溜走,2
盆栽,2
刺激,2
距离,2
跳入,2
侧脸,2
不及,2
闯入,2
安好,2
手掌,2
理解,2
自拔,2
怀抱,2
何方,2
不明,2
make,2
听到,2
心情,2
飞过,2
孤岛,2
天涯海角,2
寻找,2
黑黑的,2
掩护,2
赴汤蹈火,2
甘愿,2
摆脱,2
做些,2
逞强,2
硬币,2
愈合,2
show,2
回家,2
雨伞,2
that,2
总会,2
点点滴滴,2
随缘,2
die,2
存在,2
初识,2
行走,2
意外,2
time,2
加热,2
白白的,2
lonely,2
hate,2
汽水,2
再次,2
不行,2
黄色,2
依旧,2
蓝蓝的,2
星屑,2
弥漫着,2
事情,2
看不见,2
紫色,2
葡萄,2
一根,2
香蕉,2
橙色,2
一颗,2
我用,2
but,2
心痛,2
终成空,2
系统,2
凌晨,2
看清,2
我要,2
其中,2
沉溺于,2
绿叶子,2
倾斜,1
温热,1
对象,1
饭团,1
围墙,1
离得,1
过期,1
度假,1
默默,1
吹动,1
慌忙,1
四周,1
干涸,1
坎坷,1
痛彻,1
毕竟,1
深爱着,1
当想,1
尝着,1
入口,1
三十秒,1
往回,1
看不清楚,1
装模作样,1
剧场,1
有人,1
泪滴,1
渺小,1
一整夜,1
一瓣,1
荒原,1
名义,1
心绪,1
机场,1
打烊,1
照射到,1
昏黄,1
nightmare,1
微笑,1
从头,1
日光,1
击中,1
倾盆,1
雪夜,1
别忘了,1
身体,1
天似,1
落花,1
旅程,1
海深,1
轻粉,1
清冷,1
冬雪,1
仍念记,1
昙花一现,1
下雪,1
沦陷,1
流完,1
挑剔,1
放掉,1
苦涩,1
整条,1
独特,1
一粒,1
晴天,1
海盐,1
擦肩,1
保质期,1
指向,1
很长,1
故意,1
碰翻,1
改变,1
零钱,1
叮当响,1
冬天,1
过夜,1
光划,1
泪看,1
打着,1
照不亮,1
地球,1
不好不坏,1
偶然,1
发芽,1
巷尾,1
风化,1
分開,1
落地,1
台下,1
打轉,1
结疤,1
这道,1
不见不散,1
咽喉,1
還在,1
糾纏,1
公交站,1
香味,1
满园,1
生根,1
殘留,1
送给,1
上次,1
腐爛,1
煙灰缸,1
童年,1
以後別,1
百樂煙,1
回憶,1
星座,1
信息,1
发给你,1
从来不,1
硬座,1
小时,1
八个,1
病过,1
发烧,1
没信,1
不合,1
房门,1
終點,1
醉倒在,1
第二天,1
半价,1
第二杯,1
一點點,1
试着,1
西元前,1
愛在,1
一人,1
最後只,1
便当,1
承諾,1
概率,1
爱错,1
穷尽,1
随时,1
几段,1
温馨,1
爱是,1
诳言,1
妄语,1
迷人,1
摇曳,1
灵魂,1
或爱成,1
熬过,1
此生,1
天气预报,1
晨雾,1
风沙,1
咽下,1
乌鸦,1
多嘴,1
呼吸,1
别管,1
雾化,1
代价,1
攻略,1
燒焦,1
那根,1
兩斷,1
那场,1
一刀,1
背景音乐,1
兩半,1
煙分,1
勾住,1
红了脸,1
找零,1
拖延,1
漏出,1
火花,1
音乐,1
做好,1
展开,1
開濾,1
交織,1
愛恨,1
裝進,1
撒娇,1
怀里,1
思緒,1
恻隐,1
过程,1
指令,1
哪肯,1
丢弃,1
假冒,1
糟糕,1
同效,1
混淆,1
痛楚,1
强加于,1
领悟,1
靠窗,1
飞远,1
任鸟,1
禁锢,1
枷锁,1
沸腾,1
叮嘱,1
灰烬,1
废土,1
烧焦,1
标本,1
溺爱,1
跳跃,1
环绕,1
紧扣,1
眉语,1
读懂,1
止痛药,1
反应,1
痛苦,1
楚河,1
不知深浅,1
无用,1
难眠,1
监牢,1
勇气,1
flying,1
海市蜃楼,1
随意,1
传出,1
Love,1
潦草,1
坦率,1
风轻云淡,1
聚散,1
沧桑,1
乱世,1
红颜,1
长叹,1
巨鹿,1
踏破,1
秦关,1
兵戈,1
血染,1
终究,1
景秀,1
太痛,1
密码,1
抱紧,1
禁止,1
不可一世,1
旧床,1
卧室,1
自尊,1
离远些,1
没事,1
伤痕,1
装作,1
说辞,1
适合,1
藏匿,1
台词,1
觉悟,1
得太迟,1
好歹,1
嘲笑,1
失败者,1
揭旧,1
眼睁睁,1
放手,1
No,1
在于,1
牵强,1
终老,1
真心话,1
仁慈,1
高尚,1
清早,1
悲伤,1
汉兵,1
刀剑,1
纷乱,1
折断,1
江畔,1
只身,1
where,1
scars,1
name,1
Your,1
穿过,1
凹进,1
披上,1
为止,1
外套,1
孤舟,1
思量,1
生共,1
山高水长,1
墓坑,1
和平,1
两人,1
潜意识,1
登录号,1
输错,1
风雅,1
粉色,1
雪里,1
长冬,1
唱首歌,1
眉间,1
飘进,1
樱落,1
冷清,1
热茶,1
放任,1
辗转,1
胆怯,1
旧名,1
时刻,1
世上,1
低语,1
初灯,1
丘比特,1
附近,1
巷口,1
城南,1
春光,1
唤醒,1
衣角,1
风中来,1
错置,1
坚定,1
一朵花,1
促进,1
一笺,1
半生,1
雪下,1
似金,1
倾心,1
回来,1
春色,1
回身,1
风中,1
开时,1
夜未,1
一盏,1
太浅,1
长河,1
遗下,1
旧词,1
桥头,1
荷尔蒙,1
红伞落,1
春雪,1
散心,1
仍然,1
旧梦,1
尽头,1
长街,1
初生,1
使劲,1
徒劳,1
拉开,1
and,1
天意,1
龙卷风,1
那里,1
整洁,1
胜过,1
触及,1
陈列,1
角落,1
积攒,1
心知肚明,1
钢印,1
感应,1
标签,1
锦上添花,1
纪念品,1
退不回,1
欣赏,1
奇怪,1
清理,1
缓存,1
立场,1
默认,1
提示,1
举动,1
无动于衷,1
now,1
嫌弃,1
紧紧,1
未尽,1
睁眼,1
心愿,1
枝头,1
未融,1
白雪,1
固定,1
分隔,1
微波炉,1
痴心,1
旧日,1
如泪,1
It,1
另一面,1
如愿,1
再聚,1
回味,1
choose,1
Pleasedon,1
戳穿,1
完毕,1
散发出,1
盛宴,1
热气,1
音容,1
年纪,1
im,1
陷阱,1
承受不住,1
不知,1
写给,1
rain,1
抚摸,1
everything,1
戏精,1
太烂,1
演技,1
巨星,1
窒息,1
触碰,1
微凉,1
骗过,1
成空,1
晨光,1
宿命,1
峰回路转,1
仰着,1
三个,1
心事重重,1
显然,1
信号灯,1
没日没夜,1
指着,1
鼻子,1
极限,1
矫情,1
是我太,1
要领,1
教训,1
五体投地,1
两年,1
几天,1
生日,1
19,1
地点,1
到达,1
兄弟,1
风吹雨打,1
遍体鳞伤,1
随笔,1
写成,1
酸甜苦辣,1
倒下,1
有天,1
短短的,1
几分,1
squad,1
十字路口,1
鬓间,1
灵验,1
关系,1
暮色,1
对峙,1
理性,1
怎么回事,1
一种,1
下合,1
没存,1
遮住,1
客套,1
蹒跚,1
朋友,1
拨通,1
除了,1
想得到,1
床头,1
常常,1
失眠,1
几年,1
藏起,1
拥挤,1
画中,1
烟里,1
对视,1
挥发,1
繁星,1
金榜题名,1
许愿,1
见证,1
数不完,1
抚平,1
明暗,1
交杂,1
任性,1
一笑,1
石头,1
剪刀,1
不成,1
不满,1
复读生,1
自不量力,1
行色匆匆,1
生花,1
发行,1
出品,1
字幕,1
起灯,1
观众,1
半排,1
犯病,1
地狱,1
最痛,1
信心,1
真困,1
写歌,1
温润,1
品尝,1
再也不能,1
身份,1
过问,1
好友,1
犹豫,1
风险,1
体面,1
不禁,1
表演,1
吸引,1
万千,1
总有,1
消遣,1
这近,1
野蛮,1
就要,1
情怯,1
无可避免,1
长野,1
先生,1
生恨,1
欲言又止,1
万种风情,1
迈出,1
车站,1
前一刻,1
保证,1
手指,1
竖起,1
每秒钟,1
每分,1
陪你走,1
每晚,1
描述,1
更深,1
这洞,1
逃入,1
有空,1
相爱,1
寒冷,1
嘴角,1
解决,1
所以,1
残忍,1
柔软,1
could,1
bb,1
other,1
狂风暴雨,1
脉搏,1
超速,1
天明,1
anymore,1
still,1
though,1
sorry,1
同时,1
宁愿,1
有恃无恐,1
冲散,1
揣度,1
阴影,1
停驻,1
而已,1
光照,1
幽静,1
半夜里,1
icant,1
easy,1
承受,1
继续,1
目的,1
交错,1
aint,1
aside,1
there,1
虽然,1
pictures,1
of,1
out,1
只求,1
天平,1
pay,1
趁现在,1
pricetag,1
keep,1
喜怒哀乐,1
不要脸,1
鬼怪,1
归来,1
恰同燕,1
退败,1
白纸,1
追怀,1
开火,1
携带者,1
病毒,1
刮过,1
一阵风,1
低着头,1
感叹,1
敞着,1
一扇门,1
狼狈,1
陨落,1
迷朦,1
执念,1
仅剩,1
作痛,1
悄悄,1
麻醉,1
谁又能,1
长存,1
差别,1
陌生人,1
打碎,1
抱歉,1
没人教,1
Memories,1
逃不出,1
迷宫,1
我输,1
承认,1
变慢,1
当作,1
关键,1
破坏,1
光影,1
秒速,1
厘米,1
以五,1
miss,1
着陆,1
漂浮,1
云朵,1
心随,1
不得不,1
辨认,1
犹豫不决,1
忽略,1
处于,1
低谷,1
意识,1
遗落,1
而言,1
不住,1
挽留,1
删除,1
促使,1
替代,1
那刻,1
错乱,1
散落,1
好多,1
那位,1
几张,1
田里,1
每夜,1
掩埋,1
统统,1
暖光,1
美丽,1
一堆,1
无力,1
没人能,1
中浮过,1
困惑,1
活在,1
飞扬,1
涟漪,1
泛起,1
浸湿,1
控制,1
丢掉,1
别人,1
花言巧语,1
精彩,1
笑声,1
捡起,1
红豆,1
齐眉,1
举案,1
矢志不渝,1
它亮,1
有才无命,1
有嘴无心,1
好看,1
工整,1
落款,1
一首歌,1
无心,1
back,1
寄托,1
晚睡,1
动力,1
多爱,1
心声,1
袒露,1
Baby,1
所有人,1
往前走,1
雨里,1
傍晚,1
支圆舞,1
有时候,1
对面,1
大不了,1
街道,1
无条件,1
身来,1
抽不出,1
投入,1
活该,1
崩坏,1
随口,1
兑现,1
淋个,1
摧毁,1
逛过,1
goodbye,1
goodnight,1
堆叠,1
说谎,1
全身,1
却说,1
几点,1
闹钟,1
别说,1
以爱之名,1
交织,1
分叉,1
手环,1
我别,1
别扭,1
泪流,1
街口,1
沉醉于,1
操场,1
自习,1
学校,1
儿时,1
偶然间,1
小巷,1
连同,1
行踪不明,1
无谓,1
十七岁,1
肩头,1
终将,1
陌生,1
挂念,1
导致,1
小事,1
一件,1
分不出,1
噩梦,1
渡过难关,1
下着雨,1
旁边,1
睡不着,1
唾沫,1
过客,1
深知,1
超级,1
时分,1
半夜,1
挫折,1
脑子,1
颠倒,1
心碎,1
更好,1
这么晚,1
种种,1
重叠,1
轮廓,1
牵手,1
影子,1
表白,1
快点,1
振作,1
树洞,1
垃圾桶,1
梦见,1
沉醉,1
万年,1
昨天,1
化为,1
不知不觉,1
而学,1
绝症,1
情歌,1
睁开,1
想闭,1
天气,1
播放列表,1
一眨眼,1
几位,1
现状,1
亲密,1
照片,1
留言,1
冰柜,1
心锁,1
起跑点,1
目的地,1
扔进,1
一些,1
必要,1
纠结,1
右岸,1
骤降,1
长夜,1
零下,1
波澜,1
勾起,1
过半,1
计划,1
作罢,1
收下,1
猜疑,1
放晴,1
只会,1
风铃,1
崩溃,1
约定,1
脚印,1
覆盖,1
轻轻,1
放着,1
耳边,1
门外,1
失望,1
沉底,1
吞淹,1
我迎,1
装点,1
埋藏,1
聆听,1
划过,1
degrees,1
孤苦伶仃,1
必经,1
分清,1
自知之明,1
学懂,1
跌落,1
系尼座,1
希冀,1
梦魇,1
几多,1
承载,1
凝结,1
吹过,1
声息,1
雪花,1
别去,1
揭穿,1
冰川,1
无际,1
柔和,1
小姑娘,1
捉迷藏,1
贯穿,1
当时,1
内容,1
后面,1
完结,1
珍藏,1
芬芳,1
一抹,1
带来,1
穿越,1
一定,1
失败,1
追赶,1
亲口说,1
涂满,1
空白,1
邮戳,1
没盖,1
列车,1
倒退,1
远离,1
朝着,1
它们,1
歌里,1
对白,1
微风,1
闪躲,1
棉花,1
软绵绵,1
由始至终,1
选择权,1
流够,1
结尾,1
作为,1
纪念,1
太多太多,1
奢求,1
天上,1
中央,1
起航,1
深藏,1
咋样,1
有时,1
限制,1
所谓,1
shawty,1
its,1
freaking,1
heartache,1
要点,1
先算,1
出格,1
自知,1
笔写,1
写过,1
功课,1
必须,1
进步,1
自傲,1
歧视,1
周边,1
料到,1
轻重,1
警告,1
天赋,1
出歌,1
残暴,1
结果,1
battle,1
level,1
未到,1
来讲,1
难度,1
澄清,1
甲乙丙丁,1
拒绝,1
资本,1
竟然,1
欢笑,1
绝对,1
沉溺,1
淡定,1
梦境,1
仿佛,1
回顾,1
一帧,1
既网,1
编织,1
burning,1
播放,1
不厚,1
录像机,1
好似,1
经历,1
克服,1
冲动,1
屈膝,1
分别,1
意见,1
看不透,1
年少时,1
明星,1
太多人,1
分裂,1
留恋,1
一世,1
平凡,1
注定,1
清算,1
甘心,1
有分寸,1
做人,1
分段,1
根源,1
匿迹,1
我仲未,1
出身,1
渐远,1
渐行,1
300,1
自责,1
无须,1
父母,1
愧对,1
迈着,1
皮条客,1
人格,1
何惧,1
富贵,1
情境,1
交与,1
神经,1
回报,1
认为,1
名称,1
记住,1
满腔热情,1
总归,1
3000,1
冷雨中,1
满座,1
风急,1
螳臂,1
发挥,1
新噶等,1
墨守成规,1
仲要,1
无为,1
缺堤,1
着迷,1
纯金,1
洪泥,1
难阻,1
联系,1
江边,1
至少,1
showhand,1
善良,1
谎话,1
如履薄冰,1
低调,1
内敛,1
不太爱,1
这位,1
这路,1
多长,1
听风,1
就让,1
无端,1
战火,1
燃起,1
哪座,1
地址,1
钻石,1
句子,1
形容,1
境界,1
显现,1
不远,1
觉得,1
听话,1
无声,1
绑架,1
找条,1
能量,1
援手,1
救命,1
hippop,1
正是,1
这时,1
无助,1
软弱,1
不向,1
活路,1
活命,1
打压,1
小伙子,1
代发,1
抑郁,1
压榨,1
精神,1
怨言,1
一丝,1
拳打脚踢,1
宰杀,1
狂妄,1
一分一秒,1
潦倒,1
不至于,1
晚安,1
没关系,1
凋残,1
一小半,1
飘然,1
泪里,1
没法,1
纠缠,1
碎里,1
包含,1
麻木,1
顺着,1
负面,1
免单,1
对方,1
简单,1
拼凑,1
道具,1
口味,1
细节,1
哪里找,1
一想,1
落得,1
完美,1
眉眼,1
带回,1
不去,1
那日,1
花开落,1
幻觉,1
情愿,1
深夜,1
有限,1
云会,1
开解,1
满天,1
隔多远,1
散退,1
难随,1
一路上,1
半杯,1
善类,1
绝非,1
天使,1
犯罪,1
本身,1
船尾,1
渡过,1
游魂,1
引领,1
自信,1
向前走,1
地要,1
Royal,1
流利,1
flow,1
评论家,1
如临大敌,1
无比,1
信念,1
大旗,1
挥舞,1
霸凌,1
拼命,1
将要,1
毁烂,1
精装,1
追求,1
璀璨,1
游荡,1
舆论,1
当道,1
流量,1
汤药,1
颜值,1
flush,1
终结,1
档案,1
特殊,1
终章,1
迎来,1
至死不渝,1
冻伤,1
温度,1
不定,1
反复,1
某刻,1
凝固,1
含糊不清,1
梦到,1
这场,1
不留,1
长椅,1
佯装,1
折射出,1
一马平川,1
土地,1
那片,1
不曾,1
云端,1
地底,1
记过,1
诚信,1
成为,1
先入为主,1
套路,1
中满,1
人嘴,1
羞辱,1
猪狗不如,1
太土,1
上路,1
威信,1
建立,1
霸主,1
抉择,1
反客为主,1
面临,1
住手,1
伴着,1
夺走,1
吐字,1
强势,1
俯视,1
仰视,1
歌手,1
一名,1
水土不服,1
决心,1
言论,1
注意,1
不当,1
Keyboard,1
击败,1
战胜,1
Gucci,1
孤立,1
hiphop,1
企图,1
复辟,1
混圈,1
引起,1
起义,1
试图,1
综艺节目,1
首档,1
嘴里,1
传递,1
赤裸,1
回击,1
制高点,1
报复,1
发起,1
收不到,1
